ObjectID,Prov,Region,Country,X,Y,USER_NAME,USER_ADDRESS,USER_CITY,USER_POST_CODE
1,48,Alberta,CAN,-112.4612382,50.78928528,BASSANO HEALTH CENTRE,608 5 AVE,BASSANO,T0J0B0
2,48,Alberta,CAN,-114.4003156,54.11971067,BARRHEAD HEALTHCARE CENTRE,4815 51 AVE,BARRHEAD,T7N1M1
3,48,Alberta,CAN,-115.5759879,51.17913935,ALBERTA HEALTH SVCS MINERAL SPRINGS HOSPITAL,305 LYNX ST,BANFF,T1L1H7
4,48,Alberta,CAN,-113.2538411,54.71711879,ATHABASCA HEALTHCARE CENTRE,3100 48 AVENUE,ATHABASCA,T9S1M9
5,48,Alberta,CAN,-110.4786349,51.35181798,BIG COUNTRY HOSPITAL,312 3 AVE E,OYEN,T0J2J0
6,48,Alberta,CAN,-119.3200327,55.21423518,BEAVERLODGE MUNICIPAL HOSPITAL,422 10A ST,BEAVERLODGE,T0H0C0
7,48,Alberta,CAN,-111.379417,49.86546356,BOW ISLAND HEALTH CENTRE,938 CENTRE ST,BOW ISLAND,T0K0G0
8,48,Alberta,CAN,-112.8033866,54.58835704,BOYLE HEALTHCARE CENTRE,5004 LAKEVIEW ROAD ,BOYLE,T0A0M0
9,48,Alberta,CAN,-111.8900473,50.56953471,BROOKS HEALTH CENTRE,440 3 ST E,BROOKS,T1R0G5
10,48,Alberta,CAN,-110.7399626,54.26308694,BONNYVILLE HEALTHCARE CENTRE,5001 LAKESHORE DR,BONNYVILLE,T9N2J7
11,48,Alberta,CAN,-115.3517813,51.09303791,CANMORE GENERAL HOSPITAL,1100 HOSPITAL PL,CANMORE,T1W1N2
12,48,Alberta,CAN,-113.3073,49.2013797,CARDSTON HOSPITAL,144 2 ST W,CARDSTON,T0K1J0
13,48,Alberta,CAN,-118.8386316,55.77746843,CENTRAL PEACE HEALTH COMPLEX,5010 45 AVE,SPIRIT RIVER,T0H3G0
14,48,Alberta,CAN,-113.5831812,50.01923745,CLARESHOLM GENERAL HOSPITAL,221 43 AVE W,CLARESHOLM,T0L0T0
15,48,Alberta,CAN,-112.8146675,49.68465002,CHINOOK REGIONAL HOSPITAL,960 19 ST S,LETHBRIDGE,T1J1W5
16,48,Alberta,CAN,-110.7809621,52.01037594,CONSORT HOSPITAL AND CARE CENTRE,5402 52 AVE,CONSORT,T0C1B0
17,48,Alberta,CAN,-110.1980687,54.4684377,COLD LAKE HEALTHCARE CENTRE,314 25 ST,COLD LAKE,T9M1G6
18,48,Alberta,CAN,-112.273696,52.86874821,DAYSLAND HEALTH CENTRE,5920 51 AVE,DAYSLAND,T0B1A0
19,48,Alberta,CAN,-114.4601755,49.61827616,CROWSNEST PASS HOSPITAL,2001 107 ST,BLAIRMORE,T0K0E0
20,48,Alberta,CAN,-111.4571843,52.09558419,CORONATION HOSPITAL AND CARE CENTRE,5000 MUNICIPAL RD,CORONATION,T0C1C0
21,48,Alberta,CAN,-114.12539,51.66065449,DIDSBURY DISTRICT HEALTH SERVICES,1210 20 AVE,DIDSBURY,T0M0W0
22,48,Alberta,CAN,-113.728234,53.35185097,DEVON GENERAL HOSPITAL,101 ERIE ST S,DEVON,T9G1A6
23,48,Alberta,CAN,-114.9701895,53.21140615,DRAYTON VALLEY HOSPITAL AND CARE CENTRE,4550 MADSEN AVE,DRAYTON VALLEY,T7A1N8
24,48,Alberta,CAN,-116.4266246,53.58599282,EDSON HEALTHCARE CENTRE,4716 5 AVE,EDSON,T7E1S8
25,48,Alberta,CAN,-110.9067204,53.89694956,ELK POINT HEALTHCARE CENTRE,5310 50 AVE,ELK POINT,T0A1A0
26,48,Alberta,CAN,-112.7240865,51.46976888,DRUMHELLER HEALTH CENTRE,351 9 STREET,DRUMMHELLER,T0J0Y1
27,48,Alberta,CAN,-114.1307228,51.0646699,FOOTHILLS MEDICAL CENTRE,1403 29 ST NW,CALGARY,T2N2T9
28,48,Alberta,CAN,-113.2120339,53.6934279,FORT SASKATCHEWAN COMMUNITY HOSPITAL,9401 86 AVENUE,FORT SASKATCHEWAN,T8L0C6
29,48,Alberta,CAN,-116.8004418,54.40438604,FOX CREEK HEALTH CARE CENTRE,600 3 ST,FOX CREEK,T0H1P0
30,48,Alberta,CAN,-112.464954,54.12004209,GEORGE MCDOUGALL- SMOKY LAKE HEALTHCARE CENTRE,4212 55 AVE,SMOKY LAKE,T0A3C0
31,48,Alberta,CAN,-118.3813219,56.064666,FAIRVIEW HEALTH COMPLEX,10628 100 ST,FAIRVIEW,T0H1L0
32,48,Alberta,CAN,-119.1191131,53.89063711,GRANDE CACHE COMMUNITY HEALTH COMPLEX,10200 SHAND AVE,GRANDE CACHE,T0E0Y0
33,48,Alberta,CAN,-117.4522164,56.25762814,GRIMSHAW/BERWYN AND DISTRICT COMMUNITY HEALTH CENTRE,5621 WILCOX RD,GRIMSHAW,T0H1W0
34,48,Alberta,CAN,-111.9282489,51.64962805,HANNA  HEALTH CENTRE,904 CENTRE ST,HANNA,T0J1P0
35,48,Alberta,CAN,-118.8265802,55.17928809,GRANDE PRAIRIE CARE CENTRE,11205 110 st,GRANDE PRAIRIE,T8V4B1
36,48,Alberta,CAN,-116.6619689,55.40561511,HIGH PRAIRIE HEALTH COMPLEX,5101 38 STREET ,HIGH PRAIRIE,T0G1E0
37,48,Alberta,CAN,-113.879409,50.5750855,HIGH RIVER GENERAL HOSPITAL,560 9 AVE SW,HIGH RIVER,T1V1B3
38,48,Alberta,CAN,-117.585986,53.39732975,HINTON HEALTHCARE CENTRE,1280 SWITZER DR,HINTON,T7V1V2
39,48,Alberta,CAN,-111.4206114,52.61688228,HARDISTY HEALTH CENTRE,4531 47 ST,HARDISTY,T0B1V0
40,48,Alberta,CAN,-118.0835508,52.87602764,JASPER - SETON HEALTHCARE CENTRE,518 ROBSON ST,JASPER,T0E1E0
41,48,Alberta,CAN,-111.859503,52.7894132,KILLAM HEALTH CARE CENTRE,5203 49 AVE,KILLAM,T0B2L0
42,48,Alberta,CAN,-113.951334,52.02022082,INNISFAIL HEALTH CENTRE,5023 42 ST,INNISFAIL,T4G1A9
43,48,Alberta,CAN,-113.432331,53.46238397,GREY NUNS COMMUNITY HOSPITAL,1100 YOUVILLE DR W,EDMONTON,T6L5X8
44,48,Alberta,CAN,-113.7405692,52.46016991,LACOMBE HOSPITAL AND CARE CENTRE,5430 47 AVE,LACOMBE,T4L1G8
45,48,Alberta,CAN,-112.7882716,53.76247018,LAMONT HEALTH CARE CENTRE,5216 53 ST,LAMONT,T0B2R0
46,48,Alberta,CAN,-113.5446079,53.25455128,LEDUC COMMUNITY HOSPITAL,4210 48 ST,LEDUC,T9E5Z3
47,48,Alberta,CAN,-117.6249158,56.92705278,MANNING COMMUNITY HEALTH CENTRE,600 2 ST NE,MANNING,T0H2M0
48,48,Alberta,CAN,-115.132896,53.94933067,MAYERTHORPE HEALTH CARE CENTRE,4417 45 ST,MAYERTHORPE,T0E1N0
49,48,Alberta,CAN,-117.1597926,58.51384248,NORTHWEST HEALTH CENTRE,11202 100 AVE,HIGH LEVEL,T0H1Z0
50,48,Alberta,CAN,-111.3631846,56.71685422,NORTHERN LIGHTS REGIONAL HEALTH CENTRE,7 HOSPITAL STREET,FORT MCMURRAY,T9H1P2
51,48,Alberta,CAN,-110.7027282,50.03431247,MEDICINE HAT REGIONAL HOSPITAL,666 5 ST SW,MEDICINE HAT,T1A4H6
52,48,Alberta,CAN,-113.6126399,53.51947005,MISERICORDIA COMMUNITY HOSPITAL,16940 87 AVE NW,EDMONTON,T5R4H5
53,48,Alberta,CAN,-114.1198748,51.80146011,OLDS HOSPITAL AND CARE CENTRE,3901 57 AVE,OLDS,T4H1T4
54,48,Alberta,CAN,-111.9068541,52.22338797,OUR LADY OF THE ROSARY HOSPITAL AND CARE CENTRE,5402 47 ST,CASTOR,T0C0X0
55,48,Alberta,CAN,-114.2332552,50.67793887,OILFIELDS GENERAL HOSPITAL,717 GOVERNMENT RD S,BLACK DIAMOND,T0L0H0
56,48,Alberta,CAN,-117.3558202,56.23044417,PEACE RIVER COMMUNITY HEALTH CENTRE,10101 68 ST,PEACE RIVER,T8S1T6
57,48,Alberta,CAN,-113.5895358,52.68327291,PONOKA HOSPITAL AND CARE CENTRE,5800 57 AVE,PONOKA,T4J1P1
58,48,Alberta,CAN,-113.9828456,51.07788896,PETER LOUGHEED CENTRE,3500 26 AVE NE,CALGARY,T1Y6J4
59,48,Alberta,CAN,-113.9461273,49.49323166,PINCHER CREEK COMMUNITY HEALTH CENTRE,1222 BEVERLEY MCLAUGHLIN DR,PINCHER CREEK,T0K1W0
60,48,Alberta,CAN,-110.2656244,52.35714617,PROVOST HEALTH CENTRE,5002 54 AVE,PROVOST,T0B3S0
61,48,Alberta,CAN,-113.1245673,53.95008479,REDWATER HEALTH CENTRE,4812 58 ST,REDWATER,T0A0Z0
62,48,Alberta,CAN,-114.245914,52.63968236,RIMBEY HOSPITAL AND CARE CENTRE,5228 50 AVE,RIMBEY,T0C2J0
63,48,Alberta,CAN,-112.148667,49.78804071,ROCKY MOUNTAIN HOUSE HOSPITAL AND CARE CENTRE,5016 52 AVENUE,ROCKY MOUNTAIN HOUSE,T1G1M3
64,48,Alberta,CAN,-114.0952274,50.99104654,ROCKYVIEW GENERAK HOSPITAL,7007 14 ST SW,CALGARY,T2V1P9
65,48,Alberta,CAN,-112.6109445,49.26113869,RAYMOND HEALTH CENTRE,150 4 ST E,RAYMOND,T0K2S0
66,48,Alberta,CAN,-113.8158441,52.259763,RED DEER REGIONAL HOSPITAL AND CARE CENTRE,3942 50A AVE,RED DEER,T4N4E7
67,48,Alberta,CAN,-116.9154563,55.71123308,SACRED HEART COMMUNITY HEALTH CENTRE,350 3 AVE NW,MCLENNAN,T0H2L0
68,48,Alberta,CAN,-113.497162,53.55596963,ROYAL ALEXANDRA HOSPITAL,10240 KINGSWAY NW,EDMONTON,T5H3V9
69,48,Alberta,CAN,-114.7627747,55.28438735,SLAVE LAKE HEALTHCARE CENTRE,309 6 ST NE,SLAVE LAKE,T0G2A2
70,48,Alberta,CAN,-113.952246,50.8807401,SOUTH HEALTH CAMPUS,4448 FRONT STREET SE,CALGARY,T3M1M4
71,48,Alberta,CAN,-112.8311511,53.01460828,ST MARY'S HOSPITAL,4607 53 ST,CAMROSE,T4V1Y5
72,48,Alberta,CAN,-112.0345117,53.49441935,ST JOSEPH'S GENERAL HOSPITAL-VEGREVILLE,5241 43 ST,VEGREVILLE,T9C1C6
73,48,Alberta,CAN,-112.8428828,53.01643068,STETTLER HOSPITAL & CARE CENTRE,5912 47 AVE,STETTLER,T4V0G9
74,48,Alberta,CAN,-111.2904677,53.98935699,ST. PAUL - ST. THERESE HEALTHCARE CENTRE,4713 48 AVE,ST. PAUL,T0A3A3
75,48,Alberta,CAN,-110.8396807,53.34833242,ST THERESA GENERAL HOSPITAL,4506 47 AV,FORT VERMILION,T0H1N0
76,48,Alberta,CAN,-113.9771514,53.53646436,STONY PLAIN - WESTVIEW HEALTH CENTRE,4405 S PARK DR ,STONY PLAIN,T7Z2M7
77,48,Alberta,CAN,-113.3864867,51.0595792,STRATHMORE DISTRICT HEALTH SERVICES,200 BRENT BLVD,STRATHMORE,T1P1J9
78,48,Alberta,CAN,-114.6373563,51.80779653,MYRON THOMPSON HEALTH CENTRE,709 1 ST NE,SUNDRE,T0M1X0
79,48,Alberta,CAN,-115.4012659,54.72694397,SWAN HILLS HEALTHCARE CENTRE,29 FREEMAN DR,SWAN HILLS,T0G2C0
80,48,Alberta,CAN,-113.6266469,53.65409603,STURGEON COMMUNITY HOSPITAL,201 BOUDREAU RD,ST. ALBERT,T8N6C4
81,48,Alberta,CAN,-112.1644772,49.78591946,TABER HEALTH CENTRE,4326 50 AVE,TABER,T1G1N9
82,48,Alberta,CAN,-112.6525709,53.372644,TOFIELD HEALTH CENTRE,5543 44 ST,TOFIELD,T0B4J0
83,48,Alberta,CAN,-111.732668,53.71336103,TWO HILLS HEALTH CENTRE,4401 53 AVE,TWO HILLS,T0B4K0
84,48,Alberta,CAN,-113.251066,51.70713423,THREE HILLS HEALTH CENTRE,1504 2 ST N,THREE HILLS,T0M0B3
85,48,Alberta,CAN,-113.5208458,53.52076677,UNIVERSITY OF ALBERTA HOSPITAL,8440 112 ST NW,EDMONTON,T6G2B7
86,48,Alberta,CAN,-111.7764299,53.09962752,VIKING HEALTH CENTRE,5110 57 AVE,VIKING,T0B4N0
87,48,Alberta,CAN,-110.8725311,53.35511468,VERMILION HEALTH CENTRE,5720 50 AVE,VERMILION,T9X1K7
88,48,Alberta,CAN,-113.2573228,50.39734133,VULCAN COMMUNITY HEALTH CENTRE,610 ELIZABETH ST,VULCAN,T0L2B0
89,48,Alberta,CAN,-117.263496,55.09437903,VALLEYVIEW HOSPITAL,4802 HIGHWAY ST,VALLEYVIEW,T0H3N0
90,48,Alberta,CAN,-110.8666964,52.84065886,WAINWRIGHT HEALTH CENTRE,530 6 AVE,WAINWRIGHT,T9W1R6
91,48,Alberta,CAN,-113.8532576,54.14630745,WESTLOCK HEALTHCARE CENTRE,10220 93 ST,WESTLOCK,T7P2G4
92,48,Alberta,CAN,-113.8020193,55.94323389,WABASCA/DESMARAIS HEALTHCARE CENTRE,881 MISTASSINIY RD,WABASCA,T0G2K0
93,48,Alberta,CAN,-113.366107,52.98676402,WETASKIWIN HOSPITAL AND CARE CENTRE,6910 47 ST,WETASKIWIN,T9A3N3
94,48,Alberta,CAN,-115.6744119,54.13049788,WHITECOURT HEALTHCARE CENTRE,20 SUNSET BLVD,WHITECOURT,T7S1M8
95,48,Alberta,CAN,-111.9637805,54.7647596,WILLIAM J CADZOW- LAC LA BICHE HEALTHCARE CENTRE,9110 93 ST,LAC LA BICHE,T0A2C0
97,59,British Columbia,CAN,-117.7984829,50.23939681,ARROW LAKES HOSPITAL,97 1 AVE NW,NAKUSP,V0G1R0
98,59,British Columbia,CAN,-121.2931307,51.63873468,100 MILE DISTRICT GENERAL HOSPITAL,555 CEDAR S,100 MILE HOUSE,V0K2E0
99,59,British Columbia,CAN,-118.4675581,49.03003416,BOUNDARY HOSPITAL,7649 22 ST,GRAND FORKS,V0H1H2
100,59,British Columbia,CAN,-126.7575297,52.37387268,BELLA COOLA GENERAL HOSPITAL,1025 ELCHO ST,BELLA COOLA,V0T1C0
101,59,British Columbia,CAN,-122.3131445,49.03769605,ABBOTSFORD REGIONAL HOSPITAL AND CANCER CENTRE,32900 MARSHALL RD,ABBOTSFORD,V2S3P1
102,59,British Columbia,CAN,-127.1638689,54.78460753,BULKLEY VALLEY DISTRICT HOSPITAL,3950 8 AVE,SMITHERS,V0J2N0
103,59,British Columbia,CAN,-123.0163469,49.24881226,BURNABY HOSPITAL,3935 KINCAID ST ,BURNABY,V5G2X6
104,59,British Columbia,CAN,-122.1433601,52.13849241,CARIBOO MEMORIAL HOSPITAL,517 6 AVE N,WILLIAMS LAKE,V2G2G8
105,59,British Columbia,CAN,-121.6448539,55.69655986,CHETWYND GENERAL HOSPITAL,5500 HOSPITAL RD,CHETWYND,V0C1J0
106,59,British Columbia,CAN,-125.2427643,50.01114091,CAMPBELL RIVER HOSPITAL,375 2 AVE,CAMPBELL RIVER,V9W3V1
107,59,British Columbia,CAN,-121.9638157,49.16590895,CHILLIWACK GENERAL HOSPITAL,45600 MENHOLM RD,CHILLIWACK,V2P1P7
108,59,British Columbia,CAN,-123.7235841,48.78496206,COWICHAN DISTRICT HOSPITAL,3045 GIBBINS RD,NORTH COWICHAN,V9L1E5
109,59,British Columbia,CAN,-126.9455784,50.51723406,CORMORANT ISLAND COMMUNITY HEALTH CENTRE,49 SCHOOL RD,ALERT BAY,V0N1A0
110,59,British Columbia,CAN,-120.2373221,55.74977831,DAWSON CREEK AND DISTRICT HOSPITAL,11100 13 ST,DAWSON CREEK,V1G3W8
111,59,British Columbia,CAN,-120.0166171,51.64705187,DR. HELMCKEN MEMORIAL HOSPITAL,640 PARK DRIVE ,CLEARWATER,V0E1N0
112,59,British Columbia,CAN,-123.0617881,49.08474401,DELTA HOSPITAL,5800 MOUNTAIN VIEW BLVD,DELTA,V4K3V6
113,59,British Columbia,CAN,-122.8229321,49.28376606,EAGLE RIDGE HOSPITAL & HEALTH CARE CENTRE,475 GUILDFORD WAY,PORT MOODY,V3H3W9
114,59,British Columbia,CAN,-115.748774,49.51252852,EAST KOOTENAY REGIONAL HOSPITAL,13 24 AVE N,CRANBROOK,V1C3H9
115,59,British Columbia,CAN,-122.705026,58.80918066,FORT NELSON GENERAL HOSPITAL,5315 LIARD ST,FORT NELSON,V0C1R0
116,59,British Columbia,CAN,-115.0568366,49.51358757,ELK VALLEY HOSPITAL,1501 5TH AVE FERNIE,FERNIE,V0B1M0
117,59,British Columbia,CAN,-121.4273399,49.37721078,FRASER CANYON HOSPITAL,1275 7 AVE,HOPE,V0X1L4
118,59,British Columbia,CAN,-120.8181967,56.25743612,FORT ST JOHN GENERAL HOSPITAL,8407 112 AVE,FORT ST JOHN,V1J0J5
119,59,British Columbia,CAN,-116.9676852,51.29694084,GOLDEN AND DISTRICT GENERAL HOSPITAL,835 9 AVE,GOLDEN,V0A1H0
120,59,British Columbia,CAN,-122.4987504,52.98152768,G R BAKER MEMORIAL HOSPITAL,543 FRONT ST,QUESNEL,V2J2K7
121,59,British Columbia,CAN,-132.0707382,53.25448301,HAIDA GWAII HOSPITAL AND HEALTH CENTRE - XAAYDA GWAAY NGAAYSDLL NAAY,3209 COEANVIEW DRIVE,DAAJING GIIDS,V0T1S0
122,59,British Columbia,CAN,-119.4912273,49.87352481,KELOWNA GENERAL HOSPITAL,2268 PANDOSY ST,KELOWNA,V1Y1T2
123,59,British Columbia,CAN,-116.0334123,50.50721806,INVERMERE AND DISTRICT HOSPITAL,850 10 AVE,INVERMERE,V0A1K0
124,59,British Columbia,CAN,-128.6473114,54.05036228,KITIMAT GENERAL HOSPITAL,920 S LAHAKAS BLVD,KITIMAT,V8C2S3
125,59,British Columbia,CAN,-117.2850828,49.49446326,KOOTENAY LAKE REGIONAL HOSPITAL,3 VIEW ST,NELSON,V1L2V1
126,59,British Columbia,CAN,-117.6989538,49.10383434,KOOTENAY BOUNDARY REGIONAL HOSPITAL,1200 HOSPITAL BENCH ,TRAIL,V1R4M1
127,59,British Columbia,CAN,-121.9387787,50.68990093,LILLOOET DISTRICT HOSPITAL AND COMMUNITY HEALTH PROGRAMS,951 MURRAY ST,LILLOOET,V0K1V0
128,59,British Columbia,CAN,-123.5086209,48.86171204,LADY MINTO/GULF ISLANDS HOSPITAL,135 CROFTON RD ,SALTSPRING ISLAND,V8K1T1
129,59,British Columbia,CAN,-125.7613051,54.23563305,LAKES DISTRICT HOSPITAL AND HEALTH CENTRE,741 CENTRE ST,BURNS LAKE,V0J1E0
130,59,British Columbia,CAN,-123.1013016,55.33811518,MACKENZIE AND DISTRICT HOSPITAL,45 CENTENNIAL DR,MACKENZIE,V0J2C0
131,59,British Columbia,CAN,-120.1629832,53.30099176,MCBRIDE AND DISTRICT HOSPITAL,594 KING ST,MCBRIDE,V0J2E0
132,59,British Columbia,CAN,-123.0679556,49.32202534,LIONS GATE HOSPITAL,231 E 15 ST,NORTH VANCOUVER,V7L2L7
133,59,British Columbia,CAN,-122.613423,49.09303551,LANGLEY MEMORIAL HOSPITAL,22051 FRASER HIGHWAY,LANGLEY,V4H4H4
134,59,British Columbia,CAN,-128.5947829,54.50961258,MILLS MEMORIAL HOSPITAL,4720 HAUGLAND AVE,TERRACE,V8G2W7
135,59,British Columbia,CAN,-122.3319182,49.13568527,MISSION MEMORIAL HOSPITAL,7324 HURD ST,MISSION,V2V3H5
136,59,British Columbia,CAN,-120.7724882,50.12098776,NICOLA VALLEY HEALTH CENTRE,3451 VOGHT ST,MERRITT,V1K1C6
137,59,British Columbia,CAN,-123.9696779,49.1835791,NANAIMO REGIONAL GENERAL HOSPITAL,1200 DUFFERIN CRES,NANAIMO,V9S2B7
138,59,British Columbia,CAN,-123.0964242,49.25793923,MOUNT SAINT JOSEPH HOSPITAL,3080 PRINCE EDWARD ST,VANCOUVER,V5T3N4
139,59,British Columbia,CAN,-132.1560218,54.02321371,NORTHERN HAIDA GWAII HOSPITAL AND HEALTH CENTRE,2520 HARRISON AVE,MASSET,V0T1M0
140,59,British Columbia,CAN,-124.968962,49.71300307,NORTH ISLAND HOSPITAL COMMOX VALLEY,101 LERWICK ROAD,COURTENAY,V9N0B9
141,59,British Columbia,CAN,-122.792917,49.02925103,PEACE ARCH DISTRICT HOSPITAL,15521 RUSSELL AVE,WHITE ROCK,V4B2R4
142,59,British Columbia,CAN,-127.0677239,50.58059111,PORT MCNEILL AND DISTRICT HOSPITAL,2750 KINGCOME PL,PORT MCNEILL,V0N2R0
143,59,British Columbia,CAN,-119.5780219,49.48264293,PENTICTON REGIONAL HOSPITAL,550 CARMI AVE,PENTICTON,V2A3G6
144,59,British Columbia,CAN,-127.5018557,50.72124326,PORT HARDY HOSPITAL,9120 GRANVILLE ST,PORT HARDY,V0N2P0
145,59,British Columbia,CAN,-130.3323288,54.30462086,PRINCE RUPERT REGIONAL HOSPITAL,1305 SUMMIT AVE,PRINCE RUPERT,V8J2A6
146,59,British Columbia,CAN,-118.1918993,50.97680065,QUEEN VICTORIA HOSPITAL AND HEALTH CENTRE,1200 NEWLANDS RD,REVELSTOKE,V0E2S1
147,59,British Columbia,CAN,-120.526519,49.45342072,PRINCETON GENERAL HOSPITAL,98 RIDGEWOOD DRIVE,PRINCETON,V0X1W0
148,59,British Columbia,CAN,-124.5212939,49.85060605,POWELL RIVER GENERAL HOSPITAL,5000 JOYCE AVE,POWELL RIVER,V8A5R3
149,59,British Columbia,CAN,-123.1468262,49.17013595,RICHMOND HOSPITAL,7000 WESTMINSTER HWY,RICHMOND,V6X1A2
150,59,British Columbia,CAN,-120.3336738,50.67137211,ROYAL INLAND HOSPITAL,311 COLUMBIA ST,KAMLOOPS,V2C2T1
151,59,British Columbia,CAN,-123.328746,48.43363698,ROYAL JUBILEE HOSPITAL,1952 BAY ST,VICTORIA,V8R1J8
152,59,British Columbia,CAN,-122.6319299,49.21510402,RIDGE MEADOWS HOSPITAL & HEALTH CARE CENTRE,11666 LAITY ST,MAPLE RIDGE,V2X5A3
153,59,British Columbia,CAN,-122.8927528,49.22668749,ROYAL COLUMBIAN HOSPITAL,330 COLUMBIA ST E,NEW WESTMINSTER,V3L3W7
154,59,British Columbia,CAN,-119.539906,49.18453463,SOUTH OKANAGAN GENERAL HOSPITAL,911 MCKINNEY ROAD,OLIVER,V0H1T0
155,59,British Columbia,CAN,-123.1415959,49.6988224,SQUAMISH GENERAL HOSPITAL,38140 BEHRNER DR,SQUAMISH,V8B0J3
156,59,British Columbia,CAN,-119.2737911,50.70440259,SHUSWAP LAKE GENERAL HOSPITAL,601 10 ST NE,SALMON ARM,V1E0A6
157,59,British Columbia,CAN,-123.4099641,48.59411555,SAANICH PENINSULA HOSPITAL,2166 MOUNT NEWTON CROSS RD,SAANICHTON,V8M2B2
158,59,British Columbia,CAN,-124.0092413,54.02826356,ST JOHN HOSPITAL,3255 HOSPITAL RD,VANDERHOOF,V0J3A2
159,59,British Columbia,CAN,-123.1279299,49.27991285,ST. PAUL'S HOSPITAL,1081 BURRARD ST ,VANCOUVER,V6Z1Y6
160,59,British Columbia,CAN,-122.8424354,49.17704042,SURREY MEMORIAL HOSPITAL,13750 96 AVE,SURREY,V3V1Z2
161,59,British Columbia,CAN,-125.9082018,49.15178176,TOFINO GENERAL HOSPITAL,261 NEILL ST,TOFINO,V0R2Z0
162,59,British Columbia,CAN,-124.2417569,54.44064604,STUART LAKE HOSPITAL,600 STUART DR E,FORT ST JAMES,V0J1P0
163,59,British Columbia,CAN,-123.2448763,49.26546266,UBC HEALTH SCIENCES CENTRE HOSPITAL,2211 WESBROOK MALL,VANCOUVER,V6T2B5
164,59,British Columbia,CAN,-123.1231883,49.26053821,VANCOUVER GENERAL HOSPITAL,855 W 12 AVE,VANCOUVER,V5Z1M9
165,59,British Columbia,CAN,-122.7631455,53.9111913,UNIVERSITY HOSPITAL OF NORTHERN BRITISH COLUMBIA,1475 EDMONTON STREET,PRICE GEORGE,V2M1S2
166,59,British Columbia,CAN,-123.7491691,49.47435302,ST. MARY'S HOSPITAL,5544 SUNSHINE COAST HIGHWAY ,SECHELT,V0N3A3
167,59,British Columbia,CAN,-119.2736756,50.25740391,VERNON JUBILEE HOSPITAL,2101 32 ST,VERNON,V1T5L2
168,59,British Columbia,CAN,-123.4365882,48.46724082,VICTORIA GENERAL HOSPITAL,1 HOSPITAL WAY,VICTORIA,V8Z6R5
169,59,British Columbia,CAN,-127.6669148,55.25417423,WRINCH MEMORIAL HOSPITAL,2510 HWY 62,HAZELTON,V0J1Y0
170,59,British Columbia,CAN,-122.9550756,50.12007135,WHISTLER HEALTH CARE CENTRE,4380 LORIMER RD,WHISTLER,V8E1A7
171,59,British Columbia,CAN,-117.6607123,49.32406193,BINGHAM MEMORIAL HOSPITAL,507 8TH AVE,MATHESON,V1N1N7
172,59,British Columbia,CAN,-81.249129,44.98647991,GREY BRUCE HEALTH SERVICES - LION'S HEAD HOSPITAL,22 MOORE STREET,LION'S HEAD ,V8C1G7
173,59,British Columbia,CAN,-128.1435691,52.16166926,RW LARGE MEMORIAL HOSPITAL,88 WAGLISLA ST,BELLA BELLA,V0T1Z0
174,59,British Columbia,CAN,-124.7821511,49.24885036,WEST COAST GENERAL HOSPITAL,3949 PORT ALBERNI HWY,PORT ALBERNI,V9Y4S1
175,46,Manitoba,CAN,-97.55159434,49.10712027,ALTONA COMMUNITY MEMORIAL HEALTH CENTRE,240 5 AVE NE,ALTONA,R0G0B0
176,46,Manitoba,CAN,-97.22617608,50.90618269,ARBORG AND DISTRICTS HEALTH CENTRE,234 GISLASON DRIVE,ARBORG,R0C0A0
177,46,Manitoba,CAN,-99.23885435,49.38493814,BALDUR HEALTH CENTRE,531 ELIZABETH AVE E,BALDUR,R0K0B0
178,46,Manitoba,CAN,-96.67941798,49.52974181,BETHESDA HOSPITAL,316 HENRY ST,STEINBACH,R5G0P9
179,46,Manitoba,CAN,-98.33057915,51.17355778,ASHERN - LAKESHORE GENERAL HOSPITAL,"1 STEENSON DR, BOX 110",ASHERN,R0C0E0
180,46,Manitoba,CAN,-101.0510203,50.40546855,BIRTLE HEALTH CENTRE,843 GERTRUDE ST,BIRTLE,R0M0C0
181,46,Manitoba,CAN,-96.49052936,50.08730282,BEAUSEJOUR DISTRICT HOSPITAL,151 1ST SREET S,BEAUSEJOUR,R0E0C0
182,46,Manitoba,CAN,-100.0595314,49.22530865,BOISSEVAIN HEALTH CENTRE,305 MILL RD,BOISSEVAIN,R0K0E0
183,46,Manitoba,CAN,-99.93687701,49.8405419,BRANDON REGIONAL HEALTH CENTRE,150 MCTAVISH AVE EAST,BRANDON,R7A2B3
184,46,Manitoba,CAN,-99.34104943,49.89358468,CARBERRY PLAINS DISTRICT HEALTH CENTRE,340 TORONTO STREET,CARBERRY,R0K0H0
185,46,Manitoba,CAN,-98.00153396,49.192471,BOUNDARY TRAILS HEALTH CENTRE,HWY 3 AND MANITOBA 14,WINKLER,R6W1H8
186,46,Manitoba,CAN,-98.00718521,49.49709203,CARMAN MEMORIAL HOSPITAL,350 4 ST SW,CARMAN,R0G0J0
187,46,Manitoba,CAN,-96.98944455,49.4354534,CENTRE MEDICO SOCIAL DE SALABERRY DISTRICT HEALTH CENTRE,354 PREFONTAINE AVENUE,SAINT PIERRE JOLYS,R0A1V0
188,46,Manitoba,CAN,-94.17069114,58.77149745,CHURCHILL HEALTH CENTRE,162 LA VERENDRYE AVE,CHURCHILL,R0B0E0
189,46,Manitoba,CAN,-100.0618828,51.14704457,DAUPHIN REGIONAL HEALTH CENTRE,625 3RD STREET SW,DAUPHIN,R7N1R7
190,46,Manitoba,CAN,-100.4983254,49.19402253,DELORAINE HEALTH CENTRE,109 KELLETT ST,DELORAINE,R0M0M0
191,46,Manitoba,CAN,-97.2157069,49.00511748,EMERSON HOSPITAL,26 MAIN ST,EMERSON,R0A0L0
192,46,Manitoba,CAN,-99.90865263,50.49643496,ERICKSON DISTRICT HEALTH CENTRE,60 QUEEN ELIZABETH ST,ERICKSON,R0J0P0
193,46,Manitoba,CAN,-98.10476733,50.86398762,EM CROWE MEMORIAL HOSPITAL,40 RAILWAY AVENUE,ERIKSDALE,R0C0W0
194,46,Manitoba,CAN,-94.70832791,56.34677528,GILLAM HOSPITAL,115 GILLAM DRIVE,GILLAM,R0B0L0
195,46,Manitoba,CAN,-96.99332939,50.62797262,GIMLI COMMUNITY HEALTH CENTRE (JOHNSON MEMORIAL HOSPITAL),120-6th AVENUE,GIMLI,R0C1B0
196,46,Manitoba,CAN,-101.877314,54.76560567,FLIN FLON GENERAL HOSPITAL,50 CHURCH STREET,FLIN FLON,R8A1N2
197,46,Manitoba,CAN,-99.28586516,49.56005664,GLENBORO HEALTH DISTRICT HOSPITAL,219 MURRAY AVENUE,GLENBORO,R0K0X0
198,46,Manitoba,CAN,-98.94375191,50.22538319,GLADSTONE HEALTH CENTRE,24 MILL ST,GLADSTONE,R0J0T0
199,46,Manitoba,CAN,-100.5903521,50.1816434,HAMIOTA DISTRICT HEALTH CENTRE,177 BIRCH AVE,HAMIOTA,R0M0T0
200,46,Manitoba,CAN,-97.27479303,49.88250497,GRACE GENERAL HOSPITAL,300 BOOTH DR,WINNIPEG,R3J3M7
201,46,Manitoba,CAN,-100.7290664,51.12609136,GRANDVIEW DISTRICT HOSPITAL,64 MILL ST,GRANDVIEW,R0L0Y0
202,46,Manitoba,CAN,-97.15650334,49.90309206,HEALTH SCIENCES CENTRE,700 WILLIAM AVENUE,WINNIPEG,R3E3J7
203,46,Manitoba,CAN,-101.0434382,56.8577222,LYNN LAKE HOSPITAL,64 CAMP ST,LYNN LAKE,R0B0W0
204,46,Manitoba,CAN,-98.77511674,49.9623851,MACGREGOR AND DISTRICT HEALTH CENTRE,87 GRAFTON ST,MACGREGOR,R0H0R0
205,46,Manitoba,CAN,-100.9979676,49.26983106,MELITA HEALTH CENTRE,147 SUMMIT ST,MELITA,R0M1L0
206,46,Manitoba,CAN,-97.16040294,49.8788355,MISERICORDIA HEALTH CENTRE,99 CORNISH AVE,WINNIPEG,R3C1A2
207,46,Manitoba,CAN,-98.79290255,49.40177144,LORNE MEMORIAL HOSPITAL,9 2ST N,SWAN LAKE,R0G2S0
208,46,Manitoba,CAN,-99.88313418,50.22745264,MINNEDOSA HEALTH CENTRE,334 1 ST SW,MINNEDOSA,R0J1E0
209,46,Manitoba,CAN,-99.46224093,50.23442295,NEEPAWA HEALTH CENTRE (MEMORIAL HOSPITAL),500 HOSPITAL ST,NEEPAWA,R0J1H0
210,46,Manitoba,CAN,-97.36079538,49.35282506,MORRIS GENERAL HOSPITAL,215 RAILROAD AVE ,MORRIS,R0G1K0
211,46,Manitoba,CAN,-98.51897508,49.23829352,PEMBINA-MANITOU HEALTH CENTRE,232 CARRIE ST,MANITOU,R0G1G0
212,46,Manitoba,CAN,-95.88241701,50.15189192,PINAWA HOSPITAL,30 VANIER DRIVE,PINAWA,R0E1L0
213,46,Manitoba,CAN,-98.5610581,49.53150917,NOTRE-DAME HEALTH CENTRE,39 ROCH ST,NOTRE DAME DE LOURDES,R0G1M0
214,46,Manitoba,CAN,-99.40293679,50.78267578,MCCREARY/ALONSA HEALTH CENTRE,613 PROVINCAL TRUNK HWY 50,MCCREARY,R0J1B0
215,46,Manitoba,CAN,-96.21532366,50.56271754,PINE FALLS HEALTH COMPLEX,37 MAPLE ST,POWERVIEW-PINE FALLS,R0E1M0
216,46,Manitoba,CAN,-98.28352448,49.96752622,PORTAGE DISTRICT GENERAL HOSPITAL,524 5 ST SE,PORTAGE LA PRAIRIE,R1N3A8
217,46,Manitoba,CAN,-100.2287821,50.02340267,RIVERS HEALTH centre,512 QUEBEC ST,RIVERS,R0K1X0
218,46,Manitoba,CAN,-97.12314982,49.92201722,ROCK LAKE DISTRICT HOSPITAL,135 MACHRAY AVE,CRYSTAL CITY,R2W0Z2
219,46,Manitoba,CAN,-101.3613181,51.22728566,ROBLIN & DISTRICT HEALTH CENTRE,15 HOSPITAL ST,ROBLIN,R0L1P0
220,46,Manitoba,CAN,-100.8052797,50.66675403,ROSSBURN DISTRICT HEALTH CENTRE,166 PARKVIEW DRIVE,ROSSBURN,R0J1V0
221,46,Manitoba,CAN,-101.2761531,50.77295139,RUSSELL HEALTH CENTRE,426 ALEXANDRIA AVE S,RUSSELL,R0J1W0
222,46,Manitoba,CAN,-100.6366137,50.41532102,SHOAL LAKE/STRATHCLAIR HEALTH CENTRE,526 MARY STREET,SHOAL LAKE,R0J1Z0
223,46,Manitoba,CAN,-100.2490915,49.61404326,SOURIS HEALTH CENTRE,155 BRINDLE ST,SOURIS,R0K2C0
224,46,Manitoba,CAN,-96.87086995,50.14237404,SELKIRK & DISTRICT GENERAL HOSPITAL,120 EASTON DR,SELKIRK,R1A2M2
225,46,Manitoba,CAN,-98.34540825,49.65394427,ST CLAUDE HEALTH DISTRICT HOSPITAL,33 ROY ST,SAINT CLAUDE,R0G1Z0
226,46,Manitoba,CAN,-97.1236498,49.88414657,ST BONIFACE GENERAL HOSPITAL,409 TACHÉ AVE,WINNIPEG,R2H2A6
227,46,Manitoba,CAN,-96.64841835,49.66783605,STE ANNE HOSPITAL,52 GERARD ST,STE ANNE,R5H1C4
228,46,Manitoba,CAN,-97.33563375,50.13034243,STONEWALL & DISTRICT HEALTH CENTRE,589 3 AVE S,STONEWALL,R0C2Z0
229,46,Manitoba,CAN,-97.25489263,50.38618464,TEULON/HUNTER MEMORIAL HOSPITAL,162 3RD AVENUE,TEULON,R0C3B0
230,46,Manitoba,CAN,-101.2513878,53.82783759,THE PAS HEALTH COMPLEX INC (ST ANTHONY GENERAL HOSPITAL),67 1 ST W,THE PAS,R9A1K4
231,46,Manitoba,CAN,-97.85692283,55.73396279,THOMPSON GENERAL HOSPITAL,871 THOMPSON DR,THOMPSON,R8N0C8
232,46,Manitoba,CAN,-98.69792779,49.634018,TIGER HILLS HEALTH CENTRE,64 CLARK STREET,TREHERNE,R0G2V0
233,46,Manitoba,CAN,-100.9238927,49.85639191,VIRDEN HEALTH CENTRE,480 KING ST E,VIRDEN,R0M2C0
234,46,Manitoba,CAN,-99.69021755,49.15473592,TRI-LAKE HEALTH CENTRE,86 ELLIS DR,KILLARNEY,R0K1G0
235,46,Manitoba,CAN,-99.69322808,49.59509253,WAWANESA & DISTRICT MEMORIAL HEALTH CENTRE,506 GEORGE STREET,WAWANESA,R0K2G0
236,46,Manitoba,CAN,-96.56543298,49.13523144,VITA AND DISTRICT HEALTH CENTRE,217 1 AVE W,VITA,R0A2K0
237,46,Manitoba,CAN,-99.93123398,51.64062966,WINNIPEGOSIS GENERAL HOSPITAL,230 BRIDGE ST,Winnipegosis,R0L2G0
238,46,Manitoba,CAN,-99.51956234,51.05790089,STE ROSE GENERAL HOSPITAL,480 3RD AVE SE,STE ROSE DU LAC,R0L1S0
239,46,Manitoba,CAN,-100.0164557,54.8754863,SNOW LAKE HEALTH CENTRE,100 LAKESHORE DRIVE,SNOW LAKE,R0B1M0
240,,New Brunswick,CAN,-65.69456231,47.64620415,CHALEUR REGIONAL HOSPITAL,1750 SUNSET DR,BATHURST,E2A4L7
241,,New Brunswick,CAN,-66.66081906,47.99514387,CAMPBELLTON REGIONAL HOSPITAL,189 LILY LAKE RD ,CAMPBELLTON,E3N3K2
242,,New Brunswick,CAN,-67.26761395,45.19398018,CHARLOTTE COUNTY HOSPITAL,4 GARDEN ST,ST. STEPHEN,E3L2L9
243,,New Brunswick,CAN,-64.78604405,46.09812095,DR. GEORGES-L.-DUMONT UNIVERSITY HOSPITAL CENTRE,330 UNIVERSITÉ AVE,MONCTON,E1C2Z3
244,,New Brunswick,CAN,-66.65151028,45.93903771,DR EVERETT CHALMERS REGIONAL HOSPITAL,700 PRIESTMAN ST,FREDERICTON,E3B3B7
245,,New Brunswick,CAN,-67.75484249,47.04606307,GRAND FALLS GENERAL  HOSPITAL,625 EVERARD H. DAIGLE BOULEVARD  ,GRAND FALLS,E3Z2R9
246,,New Brunswick,CAN,-67.70913715,46.72942595,L'HÔTEL-DIEU SAINT-JOSEPH DE PERTH-ANDOVER INC,10 WOODLAND HILL,PERTH-ANDOVER,E7H5H5
247,,New Brunswick,CAN,-65.54129745,47.00439667,MIRAMICHI REGIONAL HOSPITAL,500 WATER ST,MIRAMICHI,E1V3G5
248,,New Brunswick,CAN,-66.4735463,45.84920806,OROMOCTO PUBLIC HOSPITAL,103 WINNEBAGO ST,OROMOCTO,E2V1C6
249,,New Brunswick,CAN,-64.80656672,46.1051423,MONCTON HOSPITAL,135 MACBEATH AVE,MONCTON,E1C6Z8
250,,New Brunswick,CAN,-64.3719119,45.89146752,SACKVILLE MEMORIAL HOSPITAL,8 MAIN ST,SACKVILLE,E4L4A3
251,,New Brunswick,CAN,-66.05796266,45.27911928,ST. JOSEPH'S HOSPITAL,130 BAYARD DR,SAINT JOHN,E2L3L6
252,,New Brunswick,CAN,-65.49126,45.72747743,SUSSEX HEALTH CENTRE,75 LEONARD DR,SUSSEX,E4E2P7
253,,New Brunswick,CAN,-66.08394304,45.30037206,SAINT JOHN REGIONAL HOSPITAL,400 UNIVERSITY AVE,SAINT JOHN,E2K4K8
254,,New Brunswick,CAN,-67.54001381,46.37545478,UPPER RIVER VALLEY HOSPITAL,11300 ROUTE 130  CARLETON COUNTY,WATERVILLE,E7L4A8
255,,New Brunswick,CAN,-64.93869388,47.79465558,ENFANT-JESUS RHSJ HOSPITAL,1 SAINT-PIERRE BOULEVARD WEST,CARAQUET,E1W1B6
256,10,Newfoundland and Labrador,CAN,-56.1760237,49.85432765,BAIE VERTE PENINSULA HEALTH CENTRE,,BAIE VERTE,A0K1B0
257,10,Newfoundland and Labrador,CAN,-57.86169014,49.54796105,BONNE BAY HEALTH CENTRE,,NORRIS POINT,A0K3V0
258,10,Newfoundland and Labrador,CAN,-53.1102784,48.63518985,BONAVISTA PENINSULA HEALTH CENTRE,20-24 HOSPITAL ROAD,BONAVISTA,A0C1B0
259,10,Newfoundland and Labrador,CAN,-53.22687294,47.72373705,CARBONEAR GENERAL HOSPITAL,86 HIGHROAD S,CARBONEAR,A1Y1A4
260,10,Newfoundland and Labrador,CAN,-55.64807653,48.93259415,Central Newfoundland Regional Health Centre,50 UNION ST,GRAND FALLS WINDSOR,A2A2E1
261,10,Newfoundland and Labrador,CAN,-52.9964561,48.08524493,DR A A WILKINSON MEMORIAL HOSPITAL,OLD PERLICAN,OLD PERLICAN,A0A3G0
263,10,Newfoundland and Labrador,CAN,-53.97971156,48.16276583,DR G B CROSS MEMORIAL HOSPITAL,67 MANITOBA DR,CLARENVILLE,A0E1J0
264,10,Newfoundland and Labrador,CAN,-59.20924972,47.59900934,DR CHARLES L LEGROW HEALTH CENTRE,2 GRAND BAY RD,GRAND BAY EAST,A0N1K0
265,10,Newfoundland and Labrador,CAN,-55.75653408,47.09361,DR S BECKLEY HEALTH CENTRE,3 GRANDVIEW BOULEVARD,GRAND BANK,A0E1W0
266,10,Newfoundland and Labrador,CAN,-52.99553996,47.61243543,DR WALTER TEMPLAMEN HEALTH CENTRE,"WABANA, PO BOX 580",BELL ISLAND,A0A4H0
267,10,Newfoundland and Labrador,CAN,-56.98007184,51.441559,LABRABOR SOUTH HEALTH CENTRE,,FORTEAU,A0K2P0
268,10,Newfoundland and Labrador,CAN,-53.57447851,47.42484371,DR WM H NEWHOOK COMMUNITY HEALTH CENTRE,7 WHITBOURNE AVE,WHITBOURNE,A0B3K0
269,10,Newfoundland and Labrador,CAN,-54.63353858,48.95934241,JAMES PATON MEMORIAL HOSPITAL,125 TRANS-CANADA HWY,GANDER,S7K0T4
270,10,Newfoundland and Labrador,CAN,-54.23606422,49.70585108,FOGO ISLAND HOSPITAL,Main St,FOGO,A0G2B0
271,10,Newfoundland and Labrador,CAN,-66.92877944,52.94105738,LABRADOR WEST HEALTH CENTRE,1700 NICHOLAS-ADAM HWY,LABRADOR CITY,A2V0B2
272,10,Newfoundland and Labrador,CAN,-54.76087614,49.65274142,NOTRE DAME BAY MEMORIAL HEALTH CENTRE,6 HOSPITAL LANE,TWILLINGATE,A0G4M0
273,10,Newfoundland and Labrador,CAN,-57.23452002,50.65600569,RUFUS GUINCHARD HEALTH CENTRE,,PORT SAUNDERS,A0K4H0
274,10,Newfoundland and Labrador,CAN,-60.33439677,53.29701642,LABRADOR HEALTH CENTRE,227 HAMILTON RIVER RD,HAPPY VALLEY-GOOSE BAY,A0P1C0
275,10,Newfoundland and Labrador,CAN,-56.71506126,51.30855577,Strait of Belle Isle Health Centre,259 Vikings Trail,FLOWERS COVE,A0K2N0
276,10,Newfoundland and Labrador,CAN,-53.8965979,47.18815112,PLACENTIA HEALTH CENTRE,1 CORRIGAN PLACE,PLACENTIA,A0B2Y0
277,10,Newfoundland and Labrador,CAN,-58.56442269,48.55578193,SIR THOMAS RODDICK HOSPITAL,142 MINNESOTA DRIVE,STEPHENVILLE,A2N2V6
278,10,Newfoundland and Labrador,CAN,-55.42844435,46.90710704,US MEMORIAL HEALTH CENTRE,,ST LAWRENCE,A0E2V0
279,10,Newfoundland and Labrador,CAN,-52.71984391,47.55824241,ST. CLARE'S MERCY HOSPITAL,154 LEMARCHANT ROAD,ST. JOHN'S,A1C5B8
280,10,Newfoundland and Labrador,CAN,-52.73585586,47.57243377,THE GENERAL HOSPITAL (HEALTH SCIENCES CENTRE),300 PRINCE PHILIP DR,ST. JOHN'S,A1B3V6
281,10,Newfoundland and Labrador,CAN,-56.11420047,50.86817819,White Bay Central Health Centre,63 Cloud Dr,RODDICKTON-BIDE ARM,A0K4P0
282,10,Newfoundland and Labrador,CAN,-55.18175053,47.07265438,Burin Peninsula Health Care Centre,51-85 Main Street,Burin,A)E!E)
283,10,Newfoundland and Labrador,CAN,-52.74910153,47.52809723,WATERFORD HOSPITAL,306 WATERFORD BRIDGE RD,ST JOHN'S,A1E4J8
284,10,Newfoundland and Labrador,CAN,-57.92912699,48.94795114,WESTERN MEMORIAL REGIONAL HOSPITAL,1 BROOKFIELD AVE,CORNER BROOK,A2H6J7
285,10,Newfoundland and Labrador,CAN,-56.85784416,48.82377531,AM GUY MEMORIAL HEALTH CENTRE,,BUCHANS,A0H1G0
286,10,Newfoundland and Labrador,CAN,-55.82656195,47.47795746,CONNAIGRE PENINSULA HEALTH CENTRE,1 ALEXANDER AVENUE,HARBOUR BRETON,A0H1P0
287,10,Newfoundland and Labrador,CAN,-53.59069822,49.13493698,DR YK JEON KITTIWAKE HEALTH CENTRE,HWY 26,NEW-WES-VALLEY,A0G1B0
288,10,Newfoundland and Labrador,CAN,-56.04755986,49.50794669,GREEN BAY COMMUNITY HEALTH CENTRE,326 MAIN ST,SPRINGDALE,A0J1T0
292,,New Brunswick,CAN,-67.39245259,47.49747193,HÔTEL-DIEU ST-JOSEPH DE SAINT-QUENTIN,9 RUE CANADA,SAINT QUENTIN,E8A1J2
293,,New Brunswick,CAN,-66.76327567,44.76212714,GRAND MANAN HOSPITAL,196 RTE 776,GRAND MANAN,E5G1A3
294,,New Brunswick,CAN,-68.31079645,47.37831019,EDMUNDSTON REGIONAL HOSPITAL,275 BOULEVARD HÉBERT,EDMUNDSTON,E3V4E4
295,,New Brunswick,CAN,-64.90787922,47.51160197,TRACADIE-SHEILA HOSPITAL,400 RUE DES HOSPITALIÈRES,TRACADIE-SHEILA,E1X1G5
296,12,Nova Scotia,CAN,-62.53346273,44.92007028,EASTERN SHORE MEMORIAL HOSPITAL,22637 RTE 7,SHEET HARBOUR,B0J3B0
297,12,Nova Scotia,CAN,-60.17009018,46.11673786,CAPE BRETON REGIONAL HOSPITAL,1482 GEORGE ST,SYDNEY,B1P1P3
298,12,Nova Scotia,CAN,-62.64299178,45.57331228,ABERDEEN HOSPITAL - NEW GLASGOW,835 E RIVER RD,NEW GLASGOW,B2H3S6
299,12,Nova Scotia,CAN,-63.30393104,45.35083309,COLCHESTER REGIONAL HOSPITAL,600 ABENAKI ROAD,TRURO,B2N5A1
300,12,Nova Scotia,CAN,-64.19836736,45.80068279,CUMBERLAND REGIONAL HEALTH CARE CENTRE,19428 HIGHWAY 2,AMHERST,B4H1N6
301,12,Nova Scotia,CAN,-63.54870835,44.65387872,DARTMOUTH GENERAL HOSPITAL,325 PLEASANT ST,HALIFAX,B2Y4G8
302,12,Nova Scotia,CAN,-65.76187503,44.61706397,DIGBY GENERAL HOSPITAL,75 WARWICH STREET,DIGBY,B0V1A0
303,12,Nova Scotia,CAN,-60.98346317,45.3330487,EASTERN MEMORIAL HOSPITAL,1746 UNION ST,CANSO,B0H1H0
304,12,Nova Scotia,CAN,-61.50797904,45.4018552,GUYSBOROUGH MEMORIAL HOSPITAL,10560 HWY 16 ,GUYSBOROUGH,B0H1G0
305,12,Nova Scotia,CAN,-59.93752437,46.18369147,GLACE BAY HEALTHCARE FACILITY,300 SOUTH ST,CAPE BRETON,B1A1W5
306,12,Nova Scotia,CAN,-64.121609,44.98647896,HANTS COMMUNITY HOSPITAL,89 PAYZANT DR,WINDSOR,B0N2T0
307,12,Nova Scotia,CAN,-61.30460314,46.22653917,INVERNESS CONSOLIDATED MEMORIAL HOSPITAL,39 JAMES STREET,INVERNESS,B0E1N0
308,12,Nova Scotia,CAN,-64.70590049,44.03718639,QUEENS GENERAL HOSPITAL,175 SCHOOL ST,LIVERPOOL,B0T1K0
309,12,Nova Scotia,CAN,-63.58899345,44.64462975,HALIFAX INFIRMARY ROBIE STREET ENTRANCE,1799 ROBIE STREET,HALIFAX,B3K4N1
310,12,Nova Scotia,CAN,-65.30950589,43.74816534,ROSEWAY HOSPITAL,1606 LAKE ROAD PO BOX 610,SHELBURNE,B0T1W0
311,12,Nova Scotia,CAN,-61.98041168,45.62737655,ST MARTHA'S REGIONAL HOSPITAL,25 BAY ST,ANTIGONISH,B2G2G5
312,12,Nova Scotia,CAN,-64.29636189,44.3700465,ST MARY'S MEMORIAL HOSPITAL,91 HOSPITAL RD,SHERBROOKE,B0J3C0
313,12,Nova Scotia,CAN,-61.222751,45.6161417,STRAIT RICHMOND HOSPITAL,138 HOSPITAL RD,EVANSTON,B0E1J0
314,12,Nova Scotia,CAN,-66.12161793,43.85184081,YARMOUTH REGIONAL HOSPITAL,60 VANCOUVER ST,YARMOUTH,B5A2P5
315,12,Nova Scotia,CAN,-64.49652063,45.08402915,VALLEY REGIONAL HOSPITAL,150 EXHIBITION ST,KENTVILLE,B4N5E3
316,12,Nova Scotia,CAN,-61.09155773,46.44312828,VICTORIA COUNTY MEMORIAL HOSPITAL,30 MARGAREE RD,VICTORIA,B0E1T0
317,12,Nova Scotia,CAN,-63.15931102,44.78371389,TWIN OAKS MEMORIAL HOSPITAL,7702 #7 HIGHWAY,MUSQUODOBOIT HARBOUR,B0J2L0
318,12,Nova Scotia,CAN,-63.57913809,44.6381352,QEII Health Sciences Centre,1278 TOWER Rd,Halifax,b3h2y9
319,12,Nova Scotia,CAN,-60.33446121,46.81001367,BUCHANAN MEMORIAL COMMUNITY HEALTH CENTRE,32610 CABOT Trail,Neils Harbour,b0c1n0
320,12,Nova Scotia,CAN,-61.0169959,46.62433587,SACRED HEART COMMUNITY HEALTH CENTRE,15102 CABOT TRAIL,CHETICAMP,B0E1H0
321,12,Nova Scotia,CAN,-64.51202505,44.38207635,SOUTH SHORE REGIONAL HOSPITAL,90 GLEN ALLEN DRIVE,BRIDGEWATER,B4V3S6
341,10,Newfoundland and Labrador,CAN,-55.58698222,51.36228978,CHARLES S. CURTIS MEMORIAL HOSPITAL,178-200 WEST ST,ST. ANTHONY,A0K4S0
342,,Ontario,CAN,-80.87546649,43.03238148,ALEXANDRA HOSPITAL,29 NOXON ST,INGERSOLL,N5C1B8
343,,Ontario,CAN,-81.70541377,43.75012107,ALEXANDRA MARINE & GENERAL HOSPITAL,120 NAPIER ST,GODERICH,N7A1W5
344,,Ontario,CAN,-76.18953317,45.22908651,ALMONTE GENERAL HOSPITAL,75 SPRING ST ,ALMONTE,K0A1A0
345,,Ontario,CAN,-80.68556604,48.76934598,ANSON GENERAL HOSPITAL,58 ANSON DR ,IROQUOIS FALLS,P0K1E0
346,,Ontario,CAN,-91.59846686,48.75358151,ATIKOKAN GENERAL HOSPITAL,120 DOROTHY ST,ATIKOKAN,P0T1C0
347,,Ontario,CAN,-76.35213661,45.44154904,ARNPRIOR AND DISTRICT MEMORIAL HOSPITAL,350 JOHN ST N,ARNPRIOR,K7S2P6
348,,Ontario,CAN,-82.9239714,46.18592059,BLIND RIVER DISTRICT HEALTH CENTRE,525 CAUSLEY ST ,BLIND RIVER,P0R1B0
349,,Ontario,CAN,-82.38897665,42.97662154,BLUEWATER HEALTH - NORMAN SITE,89 NORMAN ST,SARNIA,N7T6S3
350,,Ontario,CAN,-79.7426234,43.74592783,BRAMPTON CIVIC HOSPITAL,2100 BOVAIRD DR E,BRAMPTON,L6R3J7
351,,Ontario,CAN,-75.6825839,44.59759277,BROCKVILLE GENERAL HOSPITAL,75 CHARLES ST,BROCKVILLE,K6V1S8
352,,Ontario,CAN,-77.78959503,44.31210888,CAMPBELLFORD MEMORIAL HOSPITAL,146 OLIVER ST,CAMPBELLFORD,K0L1L0
353,,Ontario,CAN,-76.13632188,45.14058201,CARLETON PLACE AND DISTRICT MEMORIAL HOSPITAL,211 LAKE AVE E,CARLETON PLACE,K7C1J4
354,,Ontario,CAN,-83.41525168,47.84114934,CHAPLEAU HEALTH SERVICES/SERVICES DE SANTE DE CHAPLEAU,6 BROOMHEAD RD,CHAPLEAU,P0M1K0
355,,Ontario,CAN,-80.3275121,43.37853162,CAMBRIDGE MEMORIAL HOSPITAL,700 CORONATION BLVD,CAMBRIDGE,N1R3G2
356,,Ontario,CAN,-82.36639354,42.59758539,CHATHAM-KENT HEALTH ALLIANCE - SYDENHAM DISTRICT CAMPUS,325 MARGARET AVE,WALLACEBURG,N8A2A7
357,,Ontario,CAN,-80.20287454,44.49802599,COLLINGWOOD GENERAL AND MARINE HOSPITAL,459 HUME ST ,COLLINGWOOD,L9Y1W9
358,,Ontario,CAN,-74.71913953,45.0295609,CORNWALL COMMUNITY HOSPITAL,840 MCCONNELL AVE,CORNWALL,K6H5S5
359,,Ontario,CAN,-79.70475195,43.56052797,CREDIT VALLEY HOSPITAL,2200 EGLINTON AVE W,MISSISSAUGA,L5M2N1
360,,Ontario,CAN,-82.19394267,42.4059514,CHATHAM KENT HEALTH ALLIANCE   ST. JOSEPH'S CAMPUS,80 GRAND AVE W,CHATHAM-KENT,N7M5L9
361,,Ontario,CAN,-77.47586199,46.09169735,DEEP RIVER AND DISTRICT HOSPITAL,117 BANTING DR,DEEP RIVER,K0J1P0
362,,Ontario,CAN,-81.78309027,46.24839381,ESPANOLA GENERAL HOSPITAL,825 MCKINNON DR,ESPANOLA,P5E1R4
363,,Ontario,CAN,-79.87853437,47.82319592,ENGLEHART AND DISTRICT HOSPITAL INC,61 5TH ST,ENGLEHART,P0J1H0
364,,Ontario,CAN,-92.7563687,49.78616765,FORT ALBANY HOSPITAL,5 AIRPORT ROAD,FORT ALBANY,P0V2W0
365,,Ontario,CAN,-79.53935998,43.84862282,CORTELLUCCI VAUGHAN HOSPITAL,3200 MAJORY MACKENZIE DRIVE W,VAUGHAN,L6A1S1
366,,Ontario,CAN,-81.81183827,42.69397723,FOUR COUNTIES HEALTH SERVICES,RR 3,NEWBURY,N0L1Z0
368,,Ontario,CAN,-86.95547731,49.72330773,GERALDTON DISTRICT HOSPITAL,500 HOGARTH AVE W,GERALDTON,P0T1M0
369,,Ontario,CAN,-79.91492029,44.74142774,GEORGIAN BAY GENERAL HOSPITAL,1112 ST ANDREWS DR,MIDLAND,L4R4P4
370,,Ontario,CAN,-80.511487,43.45703749,GRAND RIVER HOSPITAL,835 KING ST W,KITCHENER,N2G1E8
371,,Ontario,CAN,-74.66821478,45.32376302,GLENGARRY MEMORIAL HOSPITAL,20260 COUNTY RD,ALEXANDRIA,K0C1A0
372,,Ontario,CAN,-80.91130411,44.56756158,GREY BRUCE HEALTH SERVICES   OWEN SOUND,1800 8 ST E,OWEN SOUND,N4K0A9
373,,Ontario,CAN,-80.60040432,44.6063268,GREY BRUCE HEALTH SERVICES - MEAFORD,229 NELSON ST W,MEAFORD,N4L1M4
374,,Ontario,CAN,-80.65046649,44.31799327,GREY BRUCE HEALTH SERVICES - MARKDALE,55 ISLA ST,MARKDALE,N0C1H0
375,,Ontario,CAN,-81.36597936,44.49341167,GREY BRUCE HEALTH SERVICES - SOUTHHAMPTON HOSPITAL,340 HIGH ST,SOUTHAMPTON,N0H2L0
376,,Ontario,CAN,-81.13825294,44.73836197,GREY BRUCE HEALTH SERVICES - WIARTON HOSPITAL,369 MARY STREET,WIARTON,N0H2T0
377,,Ontario,CAN,-80.37295325,43.70532095,GROVES MEMORIAL COMMUNITY HOSPITAL,235 UNION ST E,FERGUS,N1M0H3
378,,Ontario,CAN,-80.25375269,43.55574195,GUELPH GENERAL HOSPITAL,115 DELHI ST ,GUELPH,N1E4J4
379,,Ontario,CAN,-79.62490452,42.90506302,HALDIMAND WAR MEMORIAL HOSPITAL,206 JOHN ST,DUNNVILLE,N1A2P7
380,,Ontario,CAN,-78.73038764,44.92601493,HALIBURTON HIGHLANDS HEALTH SERVICES - MINDEN HOSPITAL,6 MCPHERSON STREET,MINDEN,K0M2K0
381,,Ontario,CAN,-78.52860514,45.03803031,HALIBURTON HOSPITAL,7199 GELERT RD,HALIBURTON,K0M1S0
382,,Ontario,CAN,-79.85394237,43.26120614,HAMILTON HEALTH SCIENCES - HAMILTON GENERAL HOSPITAL,237 BARTON ST E,HAMILTON,L8L2X2
383,,Ontario,CAN,-79.91758515,43.25791042,HAMILTON HEALTH SCIENCES - MCMASTER UNIVERSITY MEDICAL CENTRE,1200 MAIN ST W,HAMILTON,L8S1C5
384,,Ontario,CAN,-79.84661499,43.23961205,HAMILTON HEALTH SCIENCES - HENDERSON GENERAL HOSPITAL,711 CONCESSION ST,HAMILTON,L8V5C2
385,,Ontario,CAN,-81.03486755,44.14830155,HANOVER AND DISTRICT HOSPITAL,90 7 AVE,HANOVER,N4N1N1
386,,Ontario,CAN,-84.77379272,49.21105956,HORNEPAYNE COMMUNITY HOSPITAL,278 FRONT ST,HORNEPAYNE,P0M1Z0
387,,Ontario,CAN,-74.60792257,45.59873248,HAWKESBURY & DISTRICT GENERAL HOSPITAL,1111 GHISLAIN ST,HAWKESBURY,K6A3G5
388,,Ontario,CAN,-80.07234903,43.92078896,HEADWATERS HEALTH CARE CENTRE - HEADWATERS ORANGEVILLE,100 ROLLING HILLS DR,ORANGEVILLE,L9W4X9
389,,Ontario,CAN,-79.4895258,43.72498095,HUMBER RIVER HOSPITAL - WILSON SITE,1235 WILSON AVE,TORONTO,M3M0B2
390,,Ontario,CAN,-80.99534091,46.46925209,HOPITAL REGIONAL DE SUDBURY REGIONAL HOSPITAL - LAURENTIAN SITE,41 RAMSEY LAKE RD,GREATER SUDBURY,P3E5J1
391,,Ontario,CAN,-81.54258941,43.62139798,HURON PERTH HEALTHCARE ALLIANCE - CLINTON PUBLIC HOSPITAL,98 SHIPLEY ST,CLINTON,N0M1L0
392,,Ontario,CAN,-79.20561548,45.3392143,HUNTSVILLE DISTRICT MEMORIAL HOSPITAL,100 FRANK MILLER DR,HUNTSVILLE,P1H1H7
393,,Ontario,CAN,-80.99571541,43.36822,HURON PERTH HEALTHCARE ALLIANCE - STRATFORD GENERAL HOSPITAL,46 GENERAL HOSPITAL DR,STRATFORD,N5A2Y6
394,,Ontario,CAN,-80.65112832,51.27169531,JAMES BAY GENERAL HOSPITAL   MOOSONEE HEALTH CENTRE,5 PERCYS WAY,MOOSONEE,P0L1Y0
395,,Ontario,CAN,-81.15187513,43.25837302,HURON PERTH HEALTHCARE ALLIANCE (ST. MARYS MEMORIAL HOSPITAL),267 QUEEN ST W,ST. MARYS,N4X1B6
396,,Ontario,CAN,-75.61971267,45.01359019,KEMPTVILLE DISTRICT HOSPITAL,2675 CONCESSION RD,KEMPTVILLE,K0G1J0
397,,Ontario,CAN,-76.49261581,44.22456671,KINGSTON GENERAL HOSPITAL - UNIVERSITY HOSPITALS KINGSTON,76 STUARTSTREET,KINGSTON,K7L2V7
398,,Ontario,CAN,-82.42597953,52.92264826,JAMES BAY GENERAL HOSPITAL - ATTAWAPISKAT WING,972 RIVERSIDE EAST,ATTAWAPISKAT,P0L1A0
399,,Ontario,CAN,-81.02154578,49.07093966,LADY MINTO HOSPITAL,241 8 ST,COCHRANE,P0L1C0
400,,Ontario,CAN,-84.77252093,48.00003773,LADY DUNN HEALTH CENTRE,17 GOVERNMENT RD,WAWA,P0S1K0
401,,Ontario,CAN,-79.80397369,43.3174274,JOSEPH BRANT MEMORIAL HOSPITAL,1230 N SHORE BLVD E,BURLINGTON,L7R4W7
402,,Ontario,CAN,-94.49933442,49.76709128,LAKE OF THE WOODS DISTRICT HOSPITAL,21 SYLVAN ST,KENORA,P9N3W7
403,,Ontario,CAN,-78.9539915,44.10460263,LAKERIDGE HEALTH   PORT PERRY DIVISION,451 PAXTON ST,PORT PERRY,L9L1L9
404,,Ontario,CAN,-78.86931106,43.9061674,LAKERIDGE HEALTH   OSHAWA DIVISION,1 HOSPITAL CRT,OSHAWA,L1G2B9
405,,Ontario,CAN,-80.01859287,48.15658121,KIRKLAND AND DISTRICT HOSPITAL,145 GOVERNMENT RD E,KIRKLAND LAKE,P2N3P4
406,,Ontario,CAN,-93.39260083,48.60620791,LAVERENDRYE HOSPITAL - RIVERSIDE HEALTH CARE FACILITIES INC,110 VICTORIA AVE,FORT FRANCES,P9A2B7
407,,Ontario,CAN,-82.61477288,42.04946512,LEAMINGTON DISTRICT MEMORIAL HOSPITAL,194 TALBOT ST W,LEAMINGTON,N8H1N9
408,,Ontario,CAN,-78.67953547,43.90895652,LAKERIDGE HEALTH CORPORATION - BOWMANVILLE SITE,47 LIBERTY ST S,CLARINGTON,L1C2N4
409,,Ontario,CAN,-76.96600943,44.24067985,LENNOX AND ADDINGTON COUNTY GENERAL HOSPITAL,8 RICHMOND PARK DR ,GREATER NAPANEE,K7R2Z4
410,,Ontario,CAN,-80.94974947,43.73259688,LISTOWEL MEMORIAL HOSPITAL,255 ELIZABETH ST E,NORTH PERTH,N4W2P5
411,,Ontario,CAN,-81.22600971,42.95842158,LONDON HEALTH SCIENCES CENTRE,800 COMMISSIONERS RD E,LONDON,N6C2V5
412,,Ontario,CAN,-81.9298351,45.97967988,MANITOULIN HEALTH CENTRE - LITTLE CURRENT SITE,11 MEREDITH ST,LITTLE CURRENT,P0P1K0
413,,Ontario,CAN,-82.16765534,45.73780318,MANITOULIN HEALTH CENTRE - MINDEMOYA HOSPITAL,2120A HWY 551,MINDEMOYA,P0P1S0
414,,Ontario,CAN,-79.44968368,43.87076735,MACKENZIE RICHMOND HILL HOSPITAL,10 TRENCH ST,RICHMOND HILL,L4C4Z3
415,,Ontario,CAN,-79.23177205,43.88511021,MARKHAM STOUFFVILLE HOSPITAL,381 CHURCH ST,MARKHAM,L6B0T1
416,,Ontario,CAN,-85.82438453,49.12706405,MANITOUWADGE GENERAL HOSPITAL,1 HEALTH CARE CRES,MANITOUWADGE,P0T2C0
417,,Ontario,CAN,-78.73884548,46.23259002,MATTAWA HOSPITAL,217 TURCOTTE PARK,MATTAWA,P0H1V0
418,,Ontario,CAN,-79.12739548,44.10196078,MARKHAM STOUFFVILLE HOSPITAL   UXBRIDGE SITE,4 CAMPBELL DR,UXBRIDGE,L9P1S4
419,,Ontario,CAN,-87.10703126,48.78117656,MCCAUSLAND HOSPITAL,20B CARTIER DR,TERRACE BAY,P0T2W0
420,,Ontario,CAN,-79.61056392,43.57146505,MISSISSAUGA HOSPITAL,100 QUEENSWAY W,MISSISSAUGA,L5B1B8
421,,Ontario,CAN,-75.63789913,45.44413972,MONTFORT HOSPITAL,713 MONTREAL RD,OTTAWA,K1K0T2
422,,Ontario,CAN,-79.87036997,43.49536655,MILTON DISTRICT HOSPITAL,725 BRONTE ST S,MILTON,L9T9K1
423,,Ontario,CAN,-79.38974905,43.65782581,MOUNT SINAI HOSPITAL,600 UNIVERSITY AVE,TORONTO,M5G1X5
424,,Ontario,CAN,-79.27867559,43.15518626,NIAGARA HEALTH SYSTEM - ST CATHARINES GENERAL SITE,1200 FOURTH AVE,ST. CATHARINES,L2S0A9
425,,Ontario,CAN,-79.24860333,42.98081384,NIAGARA HEALTH SYSTEM - WELLAND HOSPITAL SITE,65 3 ST,WELLAND,L3B4W6
426,,Ontario,CAN,-88.27587122,49.01484074,NIPIGON DISTRICT MEMORIAL HOSPITAL,125 HORGAN RD,NIPIGON,P0T2J0
427,,Ontario,CAN,-79.36416622,43.76970649,NORTH YORK GENERAL HOSPITAL,4001 LESLIE ST,TORONTO,M2K1E1
428,,Ontario,CAN,-78.1961139,43.97706707,NORTHUMBERLAND HILL HOSPITAL,1000 DEPALMA DR,COBOURG,K9A5W6
429,,Ontario,CAN,-79.49434305,46.336576,NORTH BAY GENERAL HOSPITAL    MCLAREN SITE,50 COLLEGE DRIVE,NORTH BAY,P1B5A4
430,,Ontario,CAN,-83.67880654,49.68690128,NOTRE DAME HOSPITAL,1405 EDWARD ST,HEARST,P0L1N0
431,,Ontario,CAN,-79.76562611,43.44836553,OAKVILLE TRAFALGAR MEMORIAL HOSPITAL,3001 HOSPITAL GATE,OAKVILLE,L6M0L8
432,,Ontario,CAN,-75.65166389,45.39909508,OTTAWA HOSPITAL GENERAL CAMPUS,501 SMYTH RD,OTTAWA,K1H8L6
433,,Ontario,CAN,-79.93459899,43.64314604,OAKVILLE TRAFALGAR MEMORIAL HOSPITAL GEORGETOWN HOSPITAL,1 PRINCESS ANNE DR,HALTON HILLS,L7G2B8
434,,Ontario,CAN,-79.4256251,44.60432767,ORILLIA SOLDIERS' MEMORIAL HOSPITAL,170 COLBORNE ST W,ORILLIA,L3V2Z3
435,,Ontario,CAN,-80.84413397,43.83862711,PALMERSTON AND DISTRICT HOSPITAL,500 WHITES RD,PALMERSTON,N0G2P0
436,,Ontario,CAN,-77.86332904,45.0553464,QUINTE HEALTH CARE NORTH HASTINGS HOSPITAL,1-H MANOR LANE,BANCROFT,G0E1T0
437,,Ontario,CAN,-77.36460094,44.16384692,QUINTE HEALTH CARE BELLEVILLE GENERAL,265 DUNDAS ST E,BELLEVILLE,K8N5A9
438,,Ontario,CAN,-75.80913236,45.33304757,QUEENSWAY CARLETON HOSPITAL,3045 BASELINE RD,OTTAWA,K2H8P4
439,,Ontario,CAN,-76.87552893,44.32384095,QUINTE HEALTH CARE PRINCE EDWARD COUNTY MEMORIAL,403 MAIN ST,PICTON,K0K2T0
440,,Ontario,CAN,-77.58778822,44.09900863,QUINTE HEALTH CARE TRENTON MEMORIAL HOSPITAL,242 KING ST,TRENTON,K8V3X1
441,,Ontario,CAN,-79.09148673,43.09452936,NIAGARA HEALTH SYSTEM - GREATER NIAGARA GENERAL SITE,5546 PORTAGE RD ,NIAGARA FALLS,L2E6X2
442,,Ontario,CAN,-93.82068508,51.01537421,RED LAKE MARGARET COCHENOUR MEMORIAL HOSPITAL,51 HWY 105,RED LAKE,P0V2M0
443,,Ontario,CAN,-94.5684407,48.71858966,RAINY RIVER HEALTH CENTRE,115 FOURTH ST,RAINY RIVER,P0W1L0
444,,Ontario,CAN,-78.75247823,44.35425875,ROSS MEMORIAL HOSPITAL,10 ANGELINE ST N,LINDSAY,K9V4M8
445,,Ontario,CAN,-79.01591105,43.83795895,LAKERIDGE HEALTH SYSTEM - AJAX AND PICKERING HEALTH CENTRE SITE,580 HARWOOD AVE S,AJAX,L1S2J4
446,,Ontario,CAN,-79.20548699,43.78247138,ROUGE VALLEY HEALTH SYSTEM - CENTENARY,2867 ELLESMERE RD,TORONTO,M1E4B9
447,,Ontario,CAN,-79.66197734,44.41621677,ROYAL VICTORIA HOSPITAL,201 GEORGIAN DR,BARRIE,L4M6M2
448,,Ontario,CAN,-79.24674707,43.75525706,SCARBOROUGH HOSPITAL (THE),3050 LAWRENCE AVE E,TORONTO,M1P2V5
449,,Ontario,CAN,-82.42917625,49.42501772,SENSENBRENNER HOSPITAL,101 PROGRESS CRES,KAPUSKASING,P5N3H5
450,,Ontario,CAN,-91.92550078,50.10585906,SIOUX LOOKOUT DISTRICT HEALTH CENTRE,1 MENO YA WIN WAY,SIOUX LOOKOUT,P8T1B4
451,,Ontario,CAN,-81.61226531,49.27492897,SMOOTH ROCK FALLS HOSPITAL,107 KELLY RD,SMOOTH ROCK FALLS,P0L2B0
452,,Ontario,CAN,-80.82851212,44.18006503,SOUTH BRUCE GREY HEALTH CENTRE - DURHAM,320 COLLEGE ST N,WEST GREY,N0G1R0
453,,Ontario,CAN,-81.15357548,44.12244858,SOUTH BRUCE GREY HEALTH CENTRE - WALKERTON,21 MCGIVERN ST W,BROCKTON,N0G2V0
454,,Ontario,CAN,-81.38561424,43.55168782,HURON PERTH HEALTHCARE ALLIANCE (SEAFORTH COMMUNITY HOSPITAL HOSPITAL),24 CENTENNIAL DRIVE,SEAFORTH,N0K1W0
455,,Ontario,CAN,-79.31394303,45.04631301,SOUTH MUSKOKA MEMORIAL HOSPITAL,75 ANN ST ,BRACEBRIDGE,P1L2E4
456,,Ontario,CAN,-81.62280683,44.18785362,SOUTH BRUCE GREY HEALTH CENTRE KINCARDINE SITE,43 QUEEN ST ,KINCARDINE,N2Z1G6
457,,Ontario,CAN,-79.45221594,44.06105877,SOUTHLAKE REGIONAL HEALTH CENTRE,596 DAVIS DR,NEWMARKET,L3Y2P9
458,,Ontario,CAN,-84.31756766,46.50542386,SAULT AREA HOSPITAL,969 QUEEN ST E,SAULT STE. MARIE,P6A2C4
459,,Ontario,CAN,-77.69379424,45.48270352,ST FRANCIS MEMORIAL HOSPITAL,7 ST.FRANCIS MEMORIAL DR.,BARRY'S BAY,K0J1B0
460,,Ontario,CAN,-82.65994094,46.38409703,ST JOSEPH'S GENERAL HOSPITAL -ELLIOT LAKE,70 SPINE RD,ELLIOT LAKE,P5A1X2
461,,Ontario,CAN,-79.45028944,43.63919188,ST JOSEPH'S HEALTH CENTRE,30 THE QUEENSWAY,TORONTO,M6R1B5
462,,Ontario,CAN,-81.25392488,43.00003119,ST JOSEPH'S HEALTH CARE LONDON - LAWSON HEALTH,268 GROSVENOR ST,LONDON,N6A4V2
463,,Ontario,CAN,-79.37730377,43.65381256,ST MICHAEL'S HOSPITAL,30 BOND ST,TORONTO,M5B1W8
464,,Ontario,CAN,-79.86969833,43.24920971,ST JOSEPH'S HEALTHCARE,50 CHARLTON AVE E,HAMILTON,L8N4A6
465,,Ontario,CAN,-81.18109905,42.76429771,ST THOMAS - ELGIN GENERAL HOSPITAL,189 ELM ST ,ST. THOMAS,N5R5C4
466,,Ontario,CAN,-79.87542577,44.15484891,STEVENSON MEMORIAL HOSPITAL,200 FLETCHER CRES,ALLISTON,L9R1W7
467,,Ontario,CAN,-81.63471307,42.96088653,STRATHROY MIDDLESEX GENERAL HOSPITAL,395 CARRIE ST,STRATHROY,N7G3C9
468,,Ontario,CAN,-79.378911,43.72131902,SUNNYBROOK HEALTH SCIENCES CENTRE,2075 BAYVIEW AVE,TORONTO,M4N3M5
469,,Ontario,CAN,-79.69563504,47.49512173,TEMISKAMING HOSPITAL,421 SHEPHERDSON RD ,NEW LISKEARD,P0J1P0
470,,Ontario,CAN,-80.27642474,43.15290483,THE BRANTFORD GENERAL SITE,200 TERRACE HILL ST,BRANTFORD,N3R1G9
471,,Ontario,CAN,-75.72049047,45.39204653,THE OTTAWA HOSPITAL/L'HOPITAL D-OTTAWA - CIVIC CAMPUS,1053 CARLING AVE,OTTAWA,K1Y4E9
472,,Ontario,CAN,-79.30824367,43.80226063,THE SCARBOROUGH HOSPITAL - GRACE CAMPUS,3030 BIRCHMOUNT RD,TORONTO,M1W3W3
473,,Ontario,CAN,-80.73493613,42.86355994,TILLSONBURG DISTRICT MEMORIAL HOSPITAL,167 ROLPH ST,TILLSONBURG,N4G3Y9
474,,Ontario,CAN,-79.32605362,43.68938699,TORONTO EAST GENERAL HOSPITAL,825 COXWELL AVE,TORONTO,M4C3E7
475,,Ontario,CAN,-81.31378106,48.48600191,TIMMINS AND DISTRICT HOSPITAL,700 ROSS AVE E,TIMMINS,P4N8P2
476,,Ontario,CAN,-89.26916698,48.42457702,THUNDER BAY REGIONAL HEALTH SCIENCES,980 OLIVER RD,THUNDER BAY,P7B6V4
478,,Ontario,CAN,-79.40624522,43.65286851,UNIVERSITY HEALTH NETWORK - TORONTO WESTERN HOSPITAL,399 BATHURST ST,TORONTO,M5T2S8
479,,Ontario,CAN,-79.38690842,43.65937517,UNIVERSITY HEALTH NETWORK - TORONTO GENERAL HOSPITAL,200 ELIZABETH ST,TORONTO,M5G2C4
480,,Ontario,CAN,-80.61636254,51.25007966,WEENEEBAYKO GENERAL HOSPITAL,19 HOSPITAL DR,MOOSE FACTORY,P0L1W0
481,,Ontario,CAN,-80.73822066,43.97452827,WELLINGTON HEALTH CARE ALLIANCE - LOUISE MARSHALL HOSPITAL,630 DUBLIN ST,MOUNT FOREST,N0G2L3
482,,Ontario,CAN,-79.91430397,46.37317289,WEST NIPISSING GENERAL HOSPITAL,725 COURSOL RD ,STURGEON FALLS,P2B2Y6
483,,Ontario,CAN,-79.54218368,43.18763969,WEST LINCOLN MEMORIAL HOSPITAL,169 MAIN ST E,GRIMSBY,L3M1P3
484,,Ontario,CAN,-80.0444274,42.95774303,WEST HALDIMAND GENERAL HOSPITAL,75 PARVIEW RD,HAGERSVILLE,N0A1H0
485,,Ontario,CAN,-80.01953399,45.34173093,WEST PARRY SOUND HEALTH CENTRE,6 ALBERT ST,PARRY SOUND,P2A3A4
486,,Ontario,CAN,-79.59941993,43.73087397,WILLIAM OSLER HEALTH CENTRE - ETOBICOKE HOSPITAL CAMPUS,101 HUMBER COLLEGE BLVD,TORONTO,M9V1R8
487,,Ontario,CAN,-82.99753081,42.30085985,WINDSOR REGIONAL HOSPITAL - METROPOLITAN CAMPUS,1995 LENS AVE,WINDSOR,N8W1L9
488,,Ontario,CAN,-86.37648897,48.71902096,WILSON MEMORIAL GENERAL HOSPITAL,26 PENINSULA RD,MARATHON,P0T2E0
489,,Ontario,CAN,-75.35279088,45.08905833,WINCHESTER DISTRICT MEMORIAL HOSPITAL,566 LOUSIE ST,WINCHESTER,K0C2K0
490,,Ontario,CAN,-81.30617088,43.88458383,WINGHAM & DISTRICT HOSPITAL,270 CARLING TERRACE,WINGHAM,N0G2W0
491,,Ontario,CAN,-83.03313831,42.30839472,WINDSOR REGIONAL HOSPITAL - OUELLETTE CAMPUS,1030 OUELLETTE AVE,WINDSOR,N9A1E1
492,,Ontario,CAN,-80.71143294,43.12424765,WOODSTOCK GENERAL HOSPITAL,1203 PARKINSON RD,WOODSTOCK,N4S6N6
493,,Ontario,CAN,-92.83911016,49.77018052,DRYDEN REGIONAL HEALTH CENTRE,58 GOODALL STREET,DRYDEN,P8N2Z6
494,,Ontario,CAN,-81.64078416,52.29175482,KASHECHEWAN NURSING STATION,,KASHECHWAN,P0L1S0
495,,Ontario,CAN,-81.27576524,43.01299807,LONDON HEALTH SCIENCES CENTRE - UNIVERSITY HOSPITAL,339 WINDERMERE ROAD,LONDON,N6A5A5
496,,Ontario,CAN,-80.31456614,42.83533501,NORFOLK GENERAL HOSPITAL,365 WEST ST,SIMCOE,N3Y1T7
497,,Ontario,CAN,-85.42348711,55.01215337,PEAWANUK NURSING STATION,,PEAWANUCK,P0L2H0
498,,Ontario,CAN,-77.10682446,45.81434638,PEMBROKE REGIONAL HOSPITAL,705 MACKAY STREET,PEMBROKE,K8A1G8
499,,Ontario,CAN,-76.25314578,44.90654648,PERTH & SMITH FALLS DISTRICT HOSPITAL - GREAT WAR MEMORIAL SITE,33 DRUMMOND ST W,PERTH,K7H2K1
500,,Ontario,CAN,-76.02664788,44.90749966,PERTH & SMITH FALLS DISTRICT HOSPITAL - SMITHS FALLS SITE,60 CORNELIA STREET WEST,SMITH FALLS,K7A2H9
501,,Ontario,CAN,-78.3466485,44.30077721,PETERBOROUGH REGIONAL HEALTH CENTRE,1 Hospital Drive,PETERBOROUGH,K8J7C6
502,,Ontario,CAN,-81.48098491,43.34366183,SOUTH HURON HOSPITAL,24 HURON STREET WEST,EXETER,N0M1S2
503,,Ontario,CAN,-80.50200711,43.43877793,ST MARYS GENERAL HOSPITAL,911 QUEENS BLVD,KITCHENER,N2M1B2
504,,Ontario ,CAN,-76.69677266,45.48321971,RENFREW VICTORIA HOSPITAL,499 RAGLAN ST N,RENFREW,K7V1P6
505,,Prince Edward Island,CAN,-63.77499584,46.41833694,PRINCE COUNTY HOSPITAL,65 ROY BOATES AVENUE,SUMMERSIDE,C1N2A9
506,,Prince Edward Island,CAN,-63.10242531,46.25583413,QUEEN ELIZABETH HOSPITAL,60 RIVERSIDE DRIVE,CHARLOTTETOWN,C1A8T5
507,,New Brunswick,CAN,-64.78256541,46.55948995,STELLA-MARIS-DE-KENT HOSPITAL,7714 RTE 134,SAINTE-ANNE-DE-KENT,E4S1H5
508,,Quebec,CAN,-57.28891304,51.54774836,BASSE-COTE-NORD MULTI-SERVICES CENTER FOR HEALTH AND SOCIAL SERVICES,1070 doctor-Camille-Marcoux Boulevard,BLANC-SALBLON,G0G1W0
509,,Quebec,CAN,-68.40524858,58.10709014,CENTRE DE SANTÉ TULATTAVIK DE L'UNGAVA,,KUUJJUAQ,J0M1C0
510,,Quebec,CAN,-78.89167711,53.78401488,CONSEIL CRI DE LA SANTÉ ET DES SERVICES SOCIAUX DE LA BAIE JAMES,21 MAAMUU ROAD,EEYOU ISTCHEE,J0M1E0
511,,Quebec,CAN,-77.32221911,60.05712298,INUULITSIVIK HEALTH CENTRE,,POVUNGNITUK,J0M1P0
512,,Quebec,CAN,-73.68224849,45.38215295,KATERI-MEMORIAL TEHSAKOTITSEN HOSPITAL CENTER: THA,10 RIVER ROAD,KAHNAWAKE,J0L1B0
513,,Quebec,CAN,-73.83251338,45.44986364,LAKESHORE GENERAL HOSPITAL - POINTE-CLAIRE,160 STILLVIEW RD,POINTE CLAIRE,H9R2Y2
514,,Quebec,CAN,-73.6574311,45.47419731,MOUNT SINAI HOSPITAL,5690 CAVENDISH BLVD,COTE SAINT-LUC,H4W1S7
515,,Quebec,CAN,-75.41188857,45.58818738,PAPINEAU HOSPITAL,155 MACLAREN STREET EAST,GATINEAU,J8L0C2
516,,Quebec,CAN,-74.88279762,46.42202858,RIVIERE-ROUGE SERVICE CENTRE,1525 L'ANNONCIATION STREET NORTH,RIVIERE-ROUGE,J0T1T0
517,,Quebec,CAN,-70.51064244,47.43972674,BAIE-SAINT-PAUL HOSPITAL,88 RACINE ST,BAIE-SAINT-PAUL,G3Z0K3
518,,Quebec,CAN,-73.99932247,45.12581784,BARRIE MEMORIAL HOSPITAL,28 RUE GALE,ORMSTOWN,J0S1K0
519,,Quebec,CAN,-74.34892646,49.9150996,CENTRE DE SANTE DE CHIBOUGAMAU,51 3 RUE,CHIBOUGAMAU,G8P1N1
520,,Quebec,CAN,-63.60497195,50.23725138,CENTRE DE SANTÉ DE LA MINGANIE,1035 PROM DES ANCIENS ,HAVRE-SAINT-PIERRE,G0G1P0
521,,Quebec,CAN,-79.09376728,46.72555871,CENTRE DE SANTÉ DE TÉMISCAMING,180 AV ANVIK,TÉMISCAMING,J0Z3R0
522,,Quebec,CAN,-66.89287758,50.02410805,CENTRE DE SANTÉ DE PORT-CARTIER,3 RUE DE SHELTER BAY,PORT-CARTIER,G5B2W9
523,,Quebec,CAN,-77.62797668,49.75611987,CENTRE DE SANTÉ ISLE-DIEU,130 BOUL MATAGAMI,MATAGAMI,J0Y2A0
524,,Quebec,CAN,-69.40754618,48.35177495,CENTRE DE SANTÉ DES NORD-CÔTIERS,4 RUE DE L'HÔPITAL,LES ESCOUMINS,G0T1K0
525,,Quebec,CAN,-71.24483714,46.79883984,CENTRE HOSPITALIER AFFILIÉ UNIVERSITAIRE DE QUÉBEC - HÔPITAL DU SAINT-SACREMENT,1050 CH STE FOY,QUÉBEC,G1S4L8
526,,Quebec,CAN,-65.99185132,48.16799267,CENTRE HOSPITALIER BAIE-DES-CHALEURS,419 BOUL PERRON,MARIA,G0C1Y0
527,,Quebec,CAN,-79.44512024,47.33304573,CENTRE DE SANTÉ SAINTE-FAMILLE,22 RUE NOTRE DAME N,VILLE MARIE,J9V1W8
528,,Quebec,CAN,-73.76509664,45.3448205,CENTRE HOSPITALIER ANNA-LABERGE,200 BOUL BRISEBOIS,CHÂTEAUGUAY,J6K4W8
529,,Quebec,CAN,-70.68495501,46.11002095,CENTRE HOSPITALIER BEAUCE-ÉTCHEMIN,1515 17 RUE,SAINT GEORGES,G5Y4T8
530,,Quebec,CAN,-67.41959034,48.46851521,CENTRE HOSPITALIER D'AMQUI,135 RUE DE L'HÔPITAL,AMQUI,G5J2K5
531,,Quebec,CAN,-64.67194054,48.35395655,CENTRE HOSPITALIER DE CHANDLER,451 RUE MGR ROSS E,CHANDLER,G0C1K0
532,,Quebec,CAN,-71.92639408,45.77127354,CENTRE HOSPITALIER DE LA MRC D'ASBESTOS,475 3 AV,ASBESTOS,J1T1X6
533,,Quebec,CAN,-74.35110315,45.66261126,CENTRE HOSPITALIER D'ARGENTEUIL,145 AV DE LA PROVIDENCE,LACHUTE,J8H4C7
534,,Quebec,CAN,-73.67801797,45.44089588,CENTRE HOSPITALIER DE LACHINE,650 16 AV,MONTRÉAL,H8S3N5
535,,Quebec,CAN,-67.52403304,48.84417191,CENTRE HOSPITALIER DE MATANE,333 RUE THIBAULT,MATANE,G4W2W5
536,,Quebec,CAN,-71.27665376,46.10883365,CENTRE HOSPITALIER DE LA RÉGION DE L'AMIANTE,1717 RUE NOTRE DAME E,THETFORD MINES,G6G2V4
537,,Quebec,CAN,-73.6218241,45.42170841,CENTRE HOSPITALIER DE LASALLE,8585 TSSE CHAMPLAIN,MONTRÉAL,H8P1C1
538,,Quebec,CAN,-70.90520796,45.58941114,CENTRE HOSPITALIER DU GRANIT,3569 RUE LAVAL,LAC MEGANTIC,G6B1A5
539,,Quebec,CAN,-72.74202115,46.52465647,CENTRE HOSPITALIER DU CENTRE-DE-LA-MAURICIE,50 119E RUE,SHAWINIGAN SUD,G9P5K1
540,,Quebec,CAN,-73.65029843,45.57236834,CENTRE HOSPITALIER FLEURY,2180 RUE FLEURY E,MONTRÉAL,H2B1K3
541,,Quebec,CAN,-72.14486445,45.26568146,CENTRE HOSPITALIER ET CLSC DE MEMPHRÉMAGOG,50 RUE SAINT PATRICE E,MAGOG,J1X3X3
542,,Quebec,CAN,-66.4833859,49.11938344,CENTRE HOSPITALIER DES MONTS,50 RUE DU BELVÉDÈRE,SAINTE-ANNE-DES-MONTS,G0E2G0
543,,Quebec,CAN,-75.93182884,45.64847145,CENTRE HOSPITALIER GATINEAU MÉMORIAL,101 CH BURNSIDE,LA PÊCHE,J0X3G0
544,,Quebec,CAN,-75.51652515,46.54928418,CENTRE HOSPITALIER ET CENTRE DE READAPTATION ANTOINE-LABELLE,2561 CH DE LA LIEVRE S,MONT LAURIER,J9L3G3
545,,Quebec,CAN,-78.12634076,48.57452348,CENTRE HOSPITALIER HÔTEL-DIEU D'AMOS,622 4 RUE O,AMOS,J9T2S2
546,,Quebec,CAN,-79.20030345,48.78638795,CENTRE HOSPITALIER LA SARRE,679 2 RUE E,LA SARRE,J9Z2X2
547,,Quebec,CAN,-72.95976305,45.63339568,CENTRE HOSPITALIER HONORÉ-MERCIER,2750 BOUL LAFRAMBOISE,SAINT HYACINTHE,J2S4Y8
548,,Quebec,CAN,-74.28746121,46.05575345,CENTRE HOSPITALIER LAURENTIEN,234 RUE ST VINCENT,SAINTE-AGATHE-DES-MONTS,J8C2B8
549,,Quebec,CAN,-71.25854105,46.72441001,CENTRE HOSPITALIER PAUL-GILBERT,9330 BOUL DU CENTRE HOSPITALIER,LÉVIS,G6X1L6
550,,Quebec,CAN,-71.8232323,46.89569005,CENTRE HOSPITALIER PORTNEUF,700 RUE SAINT CYRILLE,SAINT-RAYMOND,G3L1W1
551,,Quebec,CAN,-73.45679189,45.53797215,CENTRE HOSPITALIER PIERRE-BOUCHER,1333 BOUL JACQUES-CARTIER E,LONGUEUIL,J4M2A5
552,,Quebec,CAN,-68.25302694,49.19117394,CENTRE HOSPITALIER RÉGIONAL BAIE-COMEAU,635 BOUL JOLIET,BAIE COMEAU,G5C1P1
553,,Quebec,CAN,-66.38316256,50.20937694,CENTRE HOSPITALIER REGIONAL DE SEPT-ILES,45 RUE DU PÈRE DIVET ,SEPT-ÎLES,G4R3N7
554,,Quebec,CAN,-72.56103089,46.35505541,CENTRE HOSPITALIER RÉGIONAL DE TROIS-RIVIÈRES - PAVILLON SAINTE-MARIE,1991 BOUL DU CARMEL,TROIS RIVIERES,G8Z3R9
555,,Quebec,CAN,-73.64583289,45.47159049,CENTRE HOSPITALIER RICHARDSON,5425 AV BESSBOROUGH,MONTRÉAL,H4V2S7
556,,Quebec,CAN,-79.02008424,48.24403812,CENTRE HOSPITALIER ROUYN-NORANDA,4 9 RUE,ROUYN NORANDA,J9X2B2
557,,Quebec,CAN,-70.15218272,47.65582486,CENTRE HOSPITALIER SAINT-JOSEPH DE LA MALBAIE,303 RUE SAINT ÉTIENNE ,LA MALBAIE,G5A1T1
558,,Quebec,CAN,-69.03815923,48.202506,CENTRE HOSPITALIER NOTRE-DAME-DU-LAC,58 RUE DE L'ÉGLISE,NOTRE-DAME-DU-LAC,G0L4C0
559,,Quebec,CAN,-71.28359808,46.7695875,CENTRE HOSPITALIER UNIVERSITAIRE DE QUÉBEC - CHUL (CHU),2705 BOUL LAURIER,QUÉBEC,G1V4G2
560,,Quebec,CAN,-73.91241706,45.57192062,CENTRE HOSPITALIER SAINT-EUSTACHE,520 BOUL ARTHUR SAUVÉ,SAINT-EUSTACHE,J7R5B1
561,,Quebec,CAN,-74.13021436,45.25099242,CENTRE HOSPITALIER RÉGIONAL DU SUROÎT,150 RUE ST-THOMAS,SALABERRY DE VALLEYFIELD,J6T6C1
562,,Quebec,CAN,-71.21149553,46.81526246,CENTRE HOSPITALIER UNIVERSITAIRE DE QUÉBEC (CHUQ) (SIÉGE SOCIAL) - L'HÔTEL-DIEU DE QUÉBEC,11 CÔTE DU PALAIS,QUEBEC,G1R2J6
563,,Quebec,CAN,-71.23632884,46.82746995,CENTRE HOSPITALIER UNIVERSITAIRE DE QUÉBEC (CHUQ) - HÔPITAL SAINT-FRANÇOIS D'ASSISE (CHU),10 RUE DE L'ESPINAY,QUEBEC,G1L3L5
564,,Quebec,CAN,-67.08950948,52.79618054,CENTRE MULTISERVICES DE SANTÉ ET DE SERVICES SOCIAUX DE FERMONT,1 RUE DE L'AQUILON,FERMONT,G0G1J0
565,,Quebec,CAN,-72.23840305,48.88561807,CENTRE MARIA-CHAPDELAINE - CENTRE HOSPITALIER DE DOLBEAU,2000 BOUL DU SACRÉ COEUR,DOLBEAU-MISTASSINI,G8L2R5
566,,Quebec,CAN,-71.86837597,45.44739898,CENTRE HOSPITALIER UNIVERSITAIRE DE SHERBROOKE - HÔPITAL FLEURIMONT,3001 12 AV N,SHERBROOKE,J1H5N4
567,,Quebec,CAN,-73.50778403,45.7246549,CH PIERRE LE GARDEUR,911 MONTÉE DES PIONNIERS,TERREBONNE,J6V2H2
568,,Quebec,CAN,-71.05023902,48.42673863,COMPLEXE HOSPITALIER DE LA SAGAMIE,305 RUE SAINT VALLIER,SAGUENAY,G7H5H6
569,,Quebec,CAN,-70.89898943,47.04212877,CLSC ORLÉANS HÔPITAL SAINTE-ANNE-DE-BEAUPRÉ,11000 RUE DES MONTAGNARDS,BEAUPRÉ,G0A1E0
570,,Quebec,CAN,-69.07481689,48.7375251,FORESTVILLE MULTI-SERVICES CENTER FOR HEALTH AND SOCIAL SERVICES,2 7E RUE,FORESTVILLE,G0T1E0
571,,Quebec,CAN,-76.98400361,49.05583231,CSSS DE LA RADISSONIE - CENTRE DE SANTE LEBEL,950 BOUL QUEVILLON,LEBEL-SUR-QUÉVILLON,J0Y1X0
572,,Quebec,CAN,-72.04934478,46.68114019,CLSC DE SAINT-MARC-DEC-CARRIERES,1045 BOULEVARD BONA-DUSSAULT,SAINT-MARC-DES-CARRIERES,G0A4B0
573,,Quebec,CAN,-72.78512241,47.42852043,Haut-Saint-Maurice Multi-Service Health and Social Services Center,885 BOUL DUCHARME,LA TUQUE,G9X3C1
574,,Quebec,CAN,-73.54612755,45.57802151,GRACE DART HOSPITAL,6085 RUE SHERBROOKE E,MONTRÉAL,H1N1C2
575,,Quebec,CAN,-73.48560921,45.49768927,HÔPITAL CHARLES LEMOYNE,3120 BOUL TASCHEREAU,LONGUEUIL,J4V2H1
576,,Quebec,CAN,-64.49659221,48.81414148,HÔPITAL DE GASPÉ,215 BOUL DE YORK O,GASPÉ,G4X2W2
577,,Quebec,CAN,-73.71240264,45.60244424,HÔPITAL CITÉ DE LA SANTÉ DE LAVAL,1755 BOUL RENÉ LAENNEC,LAVAL,H7M3L9
578,,Quebec,CAN,-75.74751297,45.44489707,HÔPITAL DE HULL,116 BOUL LIONEL ÉMOND,GATINEAU,J8Y1W7
579,,Quebec,CAN,-70.88491202,48.34358608,Hôpital de La Baie,1000 RUE DU DOCTEUR DESGAGNÉ,LA BAIE,G7B2M4
580,,Quebec,CAN,-71.23374403,48.41308807,Hôpital de Jonquière,2230 RUE DE L'HOPITAL,JONQUIERE,G7X7X2
581,,Quebec,CAN,-72.21983026,48.50851914,Hôpital de Roberval,450 RUE BRASSARD,ROBERVAL,G8H1B9
582,,Quebec,CAN,-73.7160289,45.5342624,HÔPITAL DU SACRÉ-COEUR DE MONTRÉAL,5400 BOUL GOUIN O,MONTRÉAL,H4J1C5
583,,Quebec,CAN,-73.60932383,45.54561146,HÔPITAL JEAN-TALON,1385 RUE JEAN TALON E,MONTRÉAL,H2E1S6
584,,Quebec,CAN,-75.69009509,45.49194766,GATINEAU HOSPITAL,909 BOUL LA VÉRENDRYE O,GATINEAU,J8P7H2
585,,Quebec,CAN,-73.55910266,45.57317195,HÔPITAL MAISONNEUVE-ROSEMONT,5415 BOUL DE L'ASSOMPTION,MONTRÉAL,h1t2m4
586,,Quebec,CAN,-73.56454134,45.5263475,HÔPITAL NOTRE-DAME,1560 RUE SHERBROOKE E,MONTRÉAL,H2L4M1
587,,Quebec,CAN,-73.68793863,45.5469928,HÔPITAL NOTRE-DAME DE LA MERCI - PAVILLON LA VISITATION,555 BOUL GOUIN O,MONTRÉAL,H3L1K5
588,,Quebec,CAN,-73.62887278,45.49720316,HOPITAL GENERAL JUIF,3755 CHEMIN DE LA COTE-STE-CATHERINE,MONTREAL,H3T1E2
589,,Quebec,CAN,-70.0273528,47.37270119,HÔPITAL NOTRE-DAME-DE-FATIMA,1201 AV 6E PILOTE,LA POCATIERE,G0R1Z0
590,,Quebec,CAN,-73.6114468,45.6230848,HOPITAL RIVIERE-DES-PRAIRIES,7070 BOUL PERRAS,MONTREAL,H1E1A4
591,,Quebec,CAN,-72.47818734,45.87929905,HÔPITAL SAINTE-CROIX,570 RUE HERIOT,DRUMMONDVILLE,J2B1C1
592,,Quebec,CAN,-73.55759483,45.51240785,HOPITAL SAINT-LUC,1058 RUE SAINT DENIS,MONTRÉAL,H2X3J4
593,,Quebec,CAN,-73.5705427,45.57926526,HOPITAL SANTA CABRINI,5655 RUE ST ZOTIQUE E,MONTRÉAL,H1T1P7
594,,Quebec,CAN,-71.17968679,46.81499231,HÔTEL-DIEU DE LÉVIS,143 RUE WOLFE,LEVIS,G6V3Z1
595,,Quebec,CAN,-71.91633119,46.04098709,HOTEL-DIEU D'ARTHABASKA,5 RUE DES HOSPITALIÈRES,VICTORIAVILLE,G6P6N2
596,,Quebec,CAN,-71.87925627,45.39764224,Hôtel-Dieu de Sherbrooke,580 RUE BOWEN SUD,SHERBROOKE,J1G2E8
597,,Quebec,CAN,-70.59739723,46.97756586,HÔTEL-DIEU DE MONTMAGNY,350 BOUL TACHÉ O,MONTMAGNY,G5V3R8
598,,Quebec,CAN,-73.99937897,45.76691315,HÔTEL-DIEU DE SAINT-JÉRÔME,290 RUE DE MONTIGNY,SAINT-JÉRÔME,J7Z5T3
599,,Quebec,CAN,-73.09613427,46.04651341,HÔTEL-DIEU DE SOREL,400 AV DE L'HÔTEL DIEU,SOREL-TRACY,J3P1N5
600,,Quebec,CAN,-75.98136698,46.39194798,MANIWAKI HOSPITAL,309 BOUL DESJARDINS,MANIWAKI,J9E2E7
601,,Quebec,CAN,-73.45590307,46.03832802,LANAUDIÈRE HOSPITAL CENTER,1000 BOULEVARD SAINTE-ANNE,SAINT-CHARLES-BORROMEE,J6E6J2
602,,Quebec,CAN,-73.58976307,45.49749556,MCGILL UNIVERSITY HEALTH CENTRE - MONTREAL GENERAL CAMPUS,1650 AV CEDAR,MONTRÉAL,H3G1A4
603,,Quebec,CAN,-68.53191298,48.44667607,MRC RIMOUSKI-NEIGETTE,150 AV ROULEAU,RIMOUSKI,G5L5T1
604,,Quebec,CAN,-69.15975659,48.13351329,MRC LES BASQUES,550 RUE NOTRE DAME E,TROIS-PISTOLES,G0L4K0
605,,Quebec,CAN,-76.48349905,45.60649454,PONTIAC HOSPITAL CENTRE/CENTRE DE SANTÉ DU PONTIAC,200 RUE ARGUE,SHAWVILLE,J0X2Y0
606,,Quebec,CAN,-71.66349083,48.55002251,PAVILLON HÔTEL-DIEU D'ALMA (1964),300 BOUL CHAMPLAIN,ALMA,G8B5W3
607,,Quebec,CAN,-73.60264681,45.47171413,MCGILL UNIVERSITY HEALTH CENTRE - ROYAL VICTORIA HOSPITAL,1001 boul. Decarie,MONTREAL,h4a3j1
608,,Quebec,CAN,-74.85506978,49.78094221,RENE-RICHARD HEALTH CENTRE,32 3RD AVENUE,CHAPAIS,G0W1H0
609,,Quebec,CAN,-77.61997389,53.79144349,RADISSON HEALTH CENTRE,199 AVENUE JOLLIET,Regional Government of Eeyou Istchee Baie-James,J0Y2X0
610,,Quebec,CAN,-69.53725705,47.82015299,RCM OF RIVIERE-DU-LOUP,75 RUE SAINT HENRI,RIVIÈRE-DU-LOUP,G5R2A4
611,,Quebec,CAN,-73.62477537,45.49535461,ST-MARY'S HOSPITAL CENTER,3830 AV LACOMBE,MONTRÉAL,H3T1M5
612,,Quebec,CAN,-73.56428225,45.46372588,VERDUN HOSITAL,4000 BOUL LASALLE,MONTRÉAL,H4G2A3
614,,Quebec,CAN,-77.79482308,48.09567851,VAL-D'OR HOSPITAL,725 6TH ST,VAL-D'OR,J9P3Y1
615,,Saskatchewan,CAN,-102.4855353,49.63760178,ARCOLA HEALTH CENTRE,607 PRAIRIE AVE,ARCOLA,S0C0G0
616,,Saskatchewan,CAN,-105.9682444,49.61405135,ASSINIBOIA UNION HOSPITAL,501 6 AVE E,ASSINIBOIA,S0H0B0
617,,Saskatchewan,CAN,-103.7870286,50.76171038,ALL NATIONS' HEALING HOSPITAL,450 8TH ST E,FORT QU'APPELLE,S0G1S0
618,,Saskatchewan,CAN,-108.288717,52.77343402,BATTLEFORDS UNION HOSPITAL,1092 107 ST,NORTH BATTLEFORD,S9A1Z1
619,,Saskatchewan,CAN,-102.5844175,50.3745198,BROADVIEW UNION HOSPITAL,901 NINA ST,BROADVIEW,S0G0K0
620,,Saskatchewan,CAN,-102.4666275,51.64356588,CANORA HOSPITAL,1219 MAIN ST,CANORA,S0A0L0
621,,Saskatchewan,CAN,-105.9853402,51.26720745,DAVIDSON & DISTRICT HEALTH CENTRE,900 GOVERNMENT RD,DAVIDSON,S0G1A0
622,,Saskatchewan,CAN,-107.7749298,50.30969613,CYPRESS REGIONAL HOSPITAL,2004 SASKATCHEWAN DR,SWIFT CURRENT,S9H5M8
623,,Saskatchewan,CAN,-105.5239587,50.42014346,DR. F. H. WIGMORE REGIONAL HOSPITAL,55 DIEFENBAKER DR,MOOSE JAW,S6J0C2
624,,Saskatchewan,CAN,-107.2183794,50.42652406,HERBERT INTEGRATED FACILITY,405 HERBERT AVE,HERBERT,S0H2A0
625,,Saskatchewan,CAN,-102.387622,52.85410698,HUDSON BAY HOSPITAL,614 PRINCE STREET,HUDSON BAY,S0E0Y0
626,,Saskatchewan,CAN,-105.1214012,52.21199181,HUMBOLDT DISTRICT HEALTH COMPLEX,515 14TH AVE,HUMBOLDT,S0K2A0
627,,Saskatchewan,CAN,-103.6775827,50.53678879,INDIAN HEAD UNION HOSPITAL,300 HOSPITAL ST,INDIAN HEAD,S0G2K0
628,,Saskatchewan,CAN,-101.8246737,51.62264436,KAMSACK HOSPITAL AND NURSING HOME,341 STEWART ST,KAMSACK,S0A1S0
629,,Saskatchewan,CAN,-109.133642,51.92106349,KERROBERT HOSPITAL/BUENAVISTA LODGE INTEGRATED FACILITY,115 MANITOBA AVE,KERROBERT,S0L1R0
630,,Saskatchewan,CAN,-107.9508757,52.05872175,BIGGAR UNION HOSPITAL,501 1 AVE W,BIGGAR,S0K0M0
631,,Saskatchewan,CAN,-109.1634738,51.47131039,KINDERSLEY HOSPITAL,1003 1 ST W,KINDERSLEY,S0L1S2
632,,Saskatchewan,CAN,-105.024126,51.85079067,LANIGAN HOSPITAL,36 DOWNING DR,LANIGAN,S0K2M0
633,,Saskatchewan,CAN,-105.287351,55.1051805,LA RONGE HEALTH CENTRE,227 BACKLUND ST,LA RONGE,S0J1L0
634,,Saskatchewan,CAN,-102.6068053,50.07801806,KIPLING MEMORIAL HEALTH CENTRE,906 INDUSTRIAL DRIVE,KIPLING,S0G2S0
635,,Saskatchewan,CAN,-109.4526789,56.49444727,LA LOCHE HEALTH CENTRE,DENE ROAD,LA LOCHE,S0M1G0
636,,Saskatchewan,CAN,-109.2939912,53.09029846,MAIDSTONE HOSPITAL,214 5 AVE,MAIDSTONE,S0M1M0
637,,Saskatchewan,CAN,-109.6074375,50.90487496,LEADER INTEGRATED HEALTH FACILITY,400 1 ST W,LEADER,S0N1H0
638,,Saskatchewan,CAN,-109.9895333,53.27362569,LLOYDMINSTER HOSPITAL,3820 43 AVE,LLOYDMINSTER (PART),S9V1Y5
639,,Saskatchewan,CAN,-104.6159857,52.86580846,MELFORT HOSPITAL,510 BROADWAY AVE N,MELFORT,S0E1A0
640,,Saskatchewan,CAN,-104.0236292,53.35608811,NIPAWIN HOSPITAL,800 6 ST W,NIPAWIN,S0E1E0
641,,Saskatchewan,CAN,-107.0614055,51.48376448,OUTLOOK UNION HOSPITAL,500 SEMPLE ST,OUTLOOK,S0L2N0
642,,Saskatchewan,CAN,-108.4333871,54.12367644,NORTHWEST HEALTH FACILITY - MEADOW LAKE HOSPITAL,711 CENTRE STREET,MEADOW LAKE,T0L2B0
643,,Saskatchewan,CAN,-104.639817,50.45504591,PASQUA HOSPITAL,4101 DEWDNEY AVE,REGINA,S4T1A5
644,,Saskatchewan,CAN,-106.388424,53.223136,PARKLAND INTEGRATED HEALTH CENTRE,100 DR JL SPENCER DR,SHELLBROOK,SOJ2E0
645,,Saskatchewan,CAN,-103.2611591,52.5991341,PORCUPINE CARRAGANA HOSPITAL,WINDSOR AVE,PORCUPINE PLAIN,S0E1H0
646,,Saskatchewan,CAN,-104.60183,50.44396998,REGINA GENERAL HOSPITAL,1440 14 AVE,REGINA,S4P0W5
647,,Saskatchewan,CAN,-106.333029,52.66646585,ROSTHERN HOSPITAL,2016 2 ST,ROSTHERN,S0K3R0
648,,Saskatchewan,CAN,-102.710996,51.94928524,PREECEVILLE HOSPITAL,712 7 ST NE,PREECEVILLE,S0A3B0
649,,Saskatchewan,CAN,-106.6435658,52.12950848,ROYAL UNIVERSITY HOSPITAL,103 HOSPITAL DR,SASKATOON,S7N0W8
650,,Saskatchewan,CAN,-107.943861,51.52398533,ROSETOWN  HEALTH CENTRE,409 HWY 4 NORTH,ROSETOWN,S0L2V0
651,,Saskatchewan,CAN,-106.6517696,52.1366108,SASKATOON CITY HOSPITAL,701 QUEEN ST,SASKATOON,S7K0M7
652,,Saskatchewan,CAN,-108.2660287,52.74322778,SASKATCHEWAN HOSPITAL - NORTH BATTLEFORD,1 JERSEY ST,NORTH BATTLEFORD,S9A2X8
653,,Saskatchewan,CAN,-108.4158136,49.64987116,SHAUNAVON HOSPITAL AND CARE CENTRE,660 4 ST W,SHAUNAVON,S0N2M0
654,,Saskatchewan,CAN,-101.6708526,50.1373388,SOUTHEAST INTEGRATED CARE CENTRE,601 WRIGHT RD,MOOSOMIN,SOG3N0
655,,Saskatchewan,CAN,-108.9554654,53.38794132,RIVERSIDE HEALTH COMPLEX,1ST ST S,TURTLEFORD,S0M2Y0
656,,Saskatchewan,CAN,-106.5621236,49.8754775,ST JOSEPH'S HOSPITAL/FOYER D'YOUVILLE- GRAVELBOURG,216 BETTEZ ST,GRAVELBOURG,S0H1X0
657,,Saskatchewan,CAN,-107.8994986,55.44577452,ST JOSEPH'S HOSPITAL- ÎLE A LA CROSSE,LA JEUNESSE AVE,ILE A LA CROSSE,S0M1C0
658,,Saskatchewan,CAN,-102.0830855,50.64997763,ST. ANTHONY’S HOSPITAL,216 ANCONA STREET,ESTERHAZY,S0A0X0
659,,Saskatchewan,CAN,-109.6159331,49.81805958,SOUTHWEST INTEGRATED HEALTHCARE FACILITY,102 5TH AVE W,MAPLE CREEK,S0N1N0
660,,Saskatchewan,CAN,-103.0127276,49.15130139,ST. JOSEPH’S HOSPITAL,1174 NICHOLSON ROAD,ESTEVAN,S4A2V3
661,,Saskatchewan,CAN,-104.0451508,52.86319947,TISDALE HOSPITAL,2010 110 AVE,TISDALE,S0E1T0
662,,Saskatchewan,CAN,-106.6963656,52.12616799,ST. PAUL'S HOSPITAL,1702 20TH ST W,SASKATOON,S7M0Z9
663,,Saskatchewan,CAN,-109.229223,52.4311352,UNITY UNION HOSPITAL,AIRPORT RD,UNITY,S0K4L0
664,,Saskatchewan,CAN,-103.7694432,51.94004331,WADENA  HOSPITAL,433 5 ST NE,WADENA,S0A4J0
665,,Saskatchewan,CAN,-103.8530196,49.66832543,WEYBURN GENERAL HOSPITAL,201 1 AVE NE,WEYBURN,S4H0N1
666,,Saskatchewan,CAN,-103.2920606,50.41752558,WOLSELEY MEMORIAL UNION HOSPITAL,801 QUIMET ST,WOLSELEY,S0G5H0
667,,Saskatchewan,CAN,-104.1674545,51.76817477,WYNYARD HOSPITAL,300 10 ST E,WYNYARD,S0A4T0
668,,Saskatchewan,CAN,-102.4810259,51.20290735,YORKTON REGIONAL HEALTH CENTRE,270 BRADBROOKE DR,YORKTON,S3N2K6
669,,Saskatchewan,CAN,-105.4979746,51.62214132,WATROUS DISTRICT HEALTH COMPLEX,702 4TH ST EAST,WATROUS,S0K4T0
670,,Saskatchewan,CAN,-105.7698031,53.19878895,VICTORIA HOSPITAL,1521 6TH NW,PRINCE ALBERT,S6V4N9
671,10,Newfoundland and Labrador,CAN,-57.62212325,47.61315844,CALDER HEALTH CARE CENTRE,7 PEDDLE PLACE,BURGEO,A0M1A0
